customer_id,first_name,last_name,email,address,city,state_province
1,Estrella,Thomke,ethomke0@mac.com,128 Dapin Place,Lairoka,
2,Agata,Pude,apude1@state.gov,64 Westridge Plaza,Carletonville,
3,Reinald,MacLucais,rmaclucais2@elegantthemes.com,8532 Florence Plaza,Margarita,
4,Even,Padefield,epadefield3@apple.com,7759 Kennedy Lane,Lyon,B9
5,Leighton,Spreckley,lspreckley4@google.com.au,678 Warbler Hill,La Tola,
6,Gal,Binstead,gbinstead5@macromedia.com,904 Browning Way,Torbeck,
7,Dewain,Eblein,deblein6@illinois.edu,54439 Eliot Place,Cincinnati,OH
8,Morgen,Millier,mmillier7@thetimes.co.uk,34 Knutson Trail,Solnechnyy,
9,Graehme,Kilvington,gkilvington8@ebay.co.uk,5322 Continental Plaza,Huertas,
10,Tansy,Witherington,twitherington9@go.com,16713 Northfield Crossing,Dingjiayao,
11,Kimmie,Stallard,kstallarda@prnewswire.com,48 Bonner Crossing,Dukou,
12,Orazio,Sleaford,osleafordb@ehow.com,3 Duke Center,Agía Triáda,
13,Shalne,Plank,splankc@a8.net,37794 Blackbird Park,Fuyong,
14,Libbey,Blackney,lblackneyd@google.co.uk,16 Merrick Park,Baixo Guandu,
15,Bonita,Berzen,bberzene@cbc.ca,91759 Victoria Center,Zelenodolsk,
16,Gibb,Kaplan,gkaplanf@rakuten.co.jp,81552 Hallows Avenue,Bungtiang Barat,
17,Mel,Dover,mdoverg@elpais.com,9 Washington Lane,Princeville,QC
18,Jelene,Bortolussi,jbortolussih@nih.gov,00 Toban Circle,Jianli,
19,Garv,Alldritt,galldritti@artisteer.com,77 Namekagon Road,Arias,
20,Karoline,O'Duggan,kodugganj@europa.eu,04 Farwell Crossing,Chinchaypujio,
21,Corilla,Van Dale,cvandalek@cdc.gov,20 Green Ridge Hill,Ekazhevo,
22,Marcella,Fiennes,mfiennesl@amazon.com,06133 Pleasure Crossing,Zhangye,
23,Ethelyn,Doe,edoem@chronoengine.com,4 Esch Drive,Rondonópolis,
24,Keely,Cronchey,kcroncheyn@sfgate.com,8 Scoville Road,Potrero Grande,
25,Kailey,Doubleday,kdoubledayo@census.gov,00 Sugar Hill,Liucheng,
26,Berkley,Wakley,bwakleyp@smh.com.au,191 Evergreen Avenue,Huatanshan,
27,Anselm,Stockell,astockellq@virginia.edu,734 Maywood Street,Mirsíni,
28,Dominick,Crighton,dcrightonr@ox.ac.uk,30116 Holy Cross Junction,Semikarakorsk,
29,Malinde,Sanchiz,msanchizs@mac.com,27 Fulton Parkway,Marmashen,
30,Fawnia,Beeson,fbeesont@yahoo.co.jp,9139 Homewood Point,Marsh Harbour,
31,Waverly,Dran,wdranu@walmart.com,3723 Ridgeview Crossing,Sobreira,16
32,Eleanor,Brehat,ebrehatv@eventbrite.com,841 Dixon Avenue,Kamba,
33,Luci,Worsley,lworsleyw@skype.com,9 Village Green Crossing,Bueng Kum,
34,Penelope,Snoxall,psnoxallx@goo.gl,753 Darwin Crossing,Uppsala,C
35,Davy,Forsaith,dforsaithy@amazon.co.jp,8 Roxbury Junction,Embarcación,
36,Crichton,Claringbold,cclaringboldz@mozilla.com,8454 Merrick Court,Yuanbao,
37,Christiana,Truder,ctruder10@indiegogo.com,2764 Vermont Point,Wangcun,
38,Anderea,Bullas,abullas11@123-reg.co.uk,0148 Kingsford Parkway,Klatovy,
39,Brigg,Fitter,bfitter12@paginegialle.it,94813 Pennsylvania Junction,Ciénega,
40,Ferdy,Reagan,freagan13@imageshack.us,47 Spenser Road,Kushikino,
41,Mateo,Freund,mfreund14@umich.edu,0202 Mcbride Park,Täby,AB
42,Marcel,Scroggie,mscroggie15@google.cn,3133 Stang Center,Masis,
43,Maurene,Brecknell,mbrecknell16@statcounter.com,103 Chive Junction,Banjar Beratan,
44,Louisette,Tiptaft,ltiptaft17@nymag.com,994 Mccormick Lane,Muarasiau,
45,Rodolph,Tumioto,rtumioto18@home.pl,0361 Warner Parkway,Garça,
46,Itch,Liggett,iliggett19@timesonline.co.uk,98695 Bunting Court,Sulęcin,
47,Woodrow,MacAdie,wmacadie1a@mashable.com,125 Knutson Center,Tarłów,
48,Lorene,McDougle,lmcdougle1b@cornell.edu,6 Blackbird Lane,Sangkalputung,
49,Malorie,Lavielle,mlavielle1c@yahoo.co.jp,2 Elka Crossing,Bom Jesus da Lapa,
50,Sky,Szepe,sszepe1d@time.com,1661 Hovde Park,Höshööt,
51,Tye,Hosten,thosten1e@hubpages.com,1313 Texas Road,Tuchkovo,
52,Dorene,Hogbourne,dhogbourne1f@ycombinator.com,286 Dexter Park,Manutapen,
53,Anabella,Clamp,aclamp1g@nyu.edu,898 Shelley Avenue,Hualong,
54,Laurent,Stealy,lstealy1h@unicef.org,71119 Onsgard Crossing,Gowurdak,
55,Bald,Winham,bwinham1i@google.com.au,418 Cody Junction,Pirajuí,
56,Arv,Gigg,agigg1j@multiply.com,19 Dawn Court,Jangheung,
57,Hildy,Calder,hcalder1k@auda.org.au,671 Summer Ridge Road,Telouet,
58,Onfroi,Londesborough,olondesborough1l@wordpress.com,486 Park Meadow Way,Fuxing,
59,Katina,Nestor,knestor1m@opera.com,2 Marcy Center,Kopral,
60,Will,Guilaem,wguilaem1n@surveymonkey.com,0157 Boyd Lane,Bankeryd,F
61,Lionel,Chason,lchason1o@hatena.ne.jp,0 Atwood Road,Barra dos Coqueiros,
62,Stavros,Perfitt,sperfitt1p@census.gov,9722 Havey Way,Roscoff,A2
63,Brianne,Tomich,btomich1q@php.net,31767 Messerschmidt Circle,Simimbaan,
64,Lynnett,Floris,lfloris1r@flickr.com,3178 Stoughton Lane,Paraíso,
65,Rodolph,Kemet,rkemet1s@mail.ru,8326 Corry Point,Buriti Alegre,
66,Othelia,Bulpitt,obulpitt1t@sourceforge.net,16767 Merry Junction,Pangkalanbuun,
67,Donia,Garritley,dgarritley1u@arstechnica.com,5 Vernon Park,Baizhu,
68,Deloria,Budget,dbudget1v@ameblo.jp,41368 Transport Parkway,Shangdongjie,
69,Ezra,Hullett,ehullett1w@etsy.com,57019 Schlimgen Court,Mougins,B8
70,Judith,Devoy,jdevoy1x@state.gov,4327 Bonner Park,Bambali,
71,Mendel,Reinhart,mreinhart1y@hexun.com,98127 Westridge Avenue,Tangwāni,
72,Friedrich,Schulze,fschulze1z@t-online.de,9504 Bluestem Avenue,Maguan,
73,Florri,Howey,fhowey20@weebly.com,9 Pond Park,San Francisco,GRO
74,Brooke,Binden,bbinden21@xing.com,9070 Esch Center,Santiago Puringla,
75,Rochette,Hanselmann,rhanselmann22@delicious.com,79 Gerald Lane,Khlung,
76,Ferdinand,Ferrini,fferrini23@cam.ac.uk,53 Shelley Avenue,Markušica,
77,Kalvin,Allans,kallans24@baidu.com,1 Shopko Drive,New York City,NY
78,Adelaida,Naismith,anaismith25@sourceforge.net,95871 Scofield Pass,Koton Karifi,
79,Nealy,Glide,nglide26@istockphoto.com,068 Banding Court,Al Quşayr,
80,Weber,Snelman,wsnelman27@bravesites.com,620 Myrtle Plaza,Tegalrejo,
81,Arney,Woodman,awoodman28@sciencedirect.com,1428 Hudson Street,Milano,LM
82,Mitzi,Nicol,mnicol29@usnews.com,067 Hoard Parkway,Krajan Tengah,
83,Marrissa,Lipmann,mlipmann2a@msn.com,99 Bayside Point,Al Jafr,
84,Arin,Semrad,asemrad2b@state.gov,23223 Gerald Road,Hang Dong,
85,Coleman,Pickin,cpickin2c@adobe.com,8156 Roxbury Terrace,Berlin,BE
86,Darius,Nystrom,dnystrom2d@creativecommons.org,1367 Sullivan Junction,Vandœuvre-lès-Nancy,B2
87,Karina,Cesconi,kcesconi2e@unesco.org,9 Orin Drive,Västervik,H
88,Eddie,Greatbanks,egreatbanks2f@symantec.com,712 Charing Cross Hill,Jiangzhou,
89,Stevena,Slite,sslite2g@infoseek.co.jp,2168 Morning Center,Dalubian,
90,Zollie,Karys,zkarys2h@godaddy.com,063 Kipling Crossing,Nyimba,
91,Wynn,Brisbane,wbrisbane2i@1688.com,90065 Lindbergh Crossing,Svetlograd,
92,Tallie,Pidgeley,tpidgeley2j@pbs.org,43926 Northfield Trail,Cigadog,
93,Arlan,MacCurtain,amaccurtain2k@princeton.edu,34660 Bellgrove Plaza,Yanji,
94,Rubetta,Eadmead,readmead2l@instagram.com,49066 Center Road,Gunungbatu,
95,Tandie,Hebron,thebron2m@digg.com,1492 Fieldstone Street,Valencia,
96,Clark,Widmoor,cwidmoor2n@infoseek.co.jp,957 Shelley Junction,San Vicente,
97,Dunn,Gorch,dgorch2o@ustream.tv,4241 Pleasure Place,Kasingan,
98,Carlie,Gallaher,cgallaher2p@yahoo.com,84019 Shasta Center,Gumuk Tengah,
99,Veronika,Weed,vweed2q@paypal.com,614 Mcbride Way,Unaizah,
100,Cynthy,Bowden,cbowden2r@uol.com.br,3382 Fairview Street,Raszowa,
101,Sheri,Stamper,sstamper2s@goo.ne.jp,15719 Summerview Way,Sukadana Selatan,
102,Griff,Hatrick,ghatrick2t@csmonitor.com,19570 Prairieview Court,Ijero-Ekiti,
103,Kaiser,Beirne,kbeirne2u@ted.com,81 Nobel Court,Stylída,
104,Bartlet,Halbeard,bhalbeard2v@cloudflare.com,7964 Hansons Street,Sélestat,C1
105,Valerie,Porcher,vporcher2w@netvibes.com,3600 Blaine Point,Shuibatang,
106,Vivia,Deeny,vdeeny2x@histats.com,79987 Stoughton Road,Zaslawye,
107,Heida,Coppen,hcoppen2y@buzzfeed.com,1 Miller Crossing,Dagang,
108,Kippy,O'Mohun,komohun2z@ustream.tv,04618 Pearson Court,Tangwang,
109,Abbe,Ingarfill,aingarfill30@topsy.com,572 Trailsway Court,Oslo,3
110,Nils,Ralph,nralph31@youku.com,3 Goodland Trail,Jiangtou,
111,Rossie,Mintram,rmintram32@oracle.com,8908 Valley Edge Trail,Tranås,F
112,Alexis,Meindl,ameindl33@reddit.com,81 Roth Drive,Tinalmud,
113,Kelly,Mogey,kmogey34@earthlink.net,89633 Continental Way,Dzaoudzi,
114,Gretal,Varnes,gvarnes35@acquirethisname.com,7452 Leroy Terrace,Criação Velha,46
115,Joanie,Casajuana,jcasajuana36@ft.com,8 Kinsman Hill,Chengnan,
116,Clemmie,Seth,cseth37@example.com,1403 Fuller Avenue,Bąków,
117,Cosimo,Dando,cdando38@godaddy.com,583 Cherokee Crossing,Íos,
118,Yevette,Fearnill,yfearnill39@sitemeter.com,4 South Court,Garunggang,
119,Harrietta,Howie,hhowie3a@ucla.edu,815 Dapin Road,Gananoque,ON
120,Alta,Sousa,asousa3b@opera.com,6 Hagan Park,Punolu,
121,Carver,Simoneton,csimoneton3c@forbes.com,5010 Blackbird Road,Pajung,
122,Ario,Neilson,aneilson3d@umich.edu,75326 Warbler Lane,Zhaojia,
123,Whitman,Winley,wwinley3e@npr.org,239 Warner Place,Pader Palwo,
124,Efren,Fuxman,efuxman3f@rakuten.co.jp,37 Lakewood Gardens Hill,Kazimierz Dolny,
125,Fanchon,Reilinger,freilinger3g@thetimes.co.uk,2 Walton Parkway,Albina,
126,Geraldine,Tamplin,gtamplin3h@flavors.me,5 Kinsman Road,Czemierniki,
127,Eddie,Belsher,ebelsher3i@csmonitor.com,169 Northridge Center,Binubusan,
128,Zollie,Girdler,zgirdler3j@theglobeandmail.com,78 Schiller Court,Rusnė,
129,Freddi,Pedrozzi,fpedrozzi3k@e-recht24.de,5 Golden Leaf Drive,Zhuangta,
130,Faydra,Dufore,fdufore3l@harvard.edu,98287 Luster Avenue,Alderetes,
131,Kennith,Burg,kburg3m@huffingtonpost.com,0151 Shopko Center,Gogosuket,
132,Rock,Piatek,rpiatek3n@networkadvertising.org,27278 Bunting Center,Ben Arous,
133,Keelia,Ceillier,kceillier3o@tumblr.com,19423 Trailsway Point,Yujia,
134,Adlai,Pearle,apearle3p@g.co,7577 Maywood Lane,Abreus,
135,Dorolisa,Deeble,ddeeble3q@devhub.com,5608 Nobel Place,Mangli,
136,Carter,Maeer,cmaeer3r@ovh.net,10694 Maple Wood Pass,Shipaidong,
137,Giustino,Feasey,gfeasey3s@admin.ch,290 Magdeline Court,Pontang Tengah,
138,Retha,Spackman,rspackman3t@amazon.de,246 Fair Oaks Street,Xiaojia,
139,Casey,Renshaw,crenshaw3u@zdnet.com,11 East Point,Gunziying,
140,Monica,Reede,mreede3v@topsy.com,635 Lindbergh Parkway,Caen,99
141,Donny,Olivari,dolivari3w@feedburner.com,4 Sommers Terrace,Tirmiz,
142,Chick,Auchterlony,cauchterlony3x@timesonline.co.uk,452 Southridge Parkway,Skawica,
143,Ambros,Blazic,ablazic3y@skyrock.com,8 Carey Lane,Lowayu,
144,Dolli,Tourot,dtourot3z@auda.org.au,75 Longview Way,Marly-le-Roi,A8
145,Dietrich,Silly,dsilly40@hostgator.com,6 Manufacturers Pass,Sainte-Martine,QC
146,Alyson,Deery,adeery41@simplemachines.org,770 Farwell Avenue,Sasar,
147,Lorrayne,O'Breen,lobreen42@yale.edu,152 Debs Park,Quebradas,11
148,Chrisy,Fritschmann,cfritschmann43@networksolutions.com,7 Almo Point,Prilep,
149,Riva,Minghetti,rminghetti44@tumblr.com,54253 Washington Hill,Inhambane,
150,Yurik,Hingeley,yhingeley45@creativecommons.org,2 4th Avenue,Itajubá,
151,Alfy,Epine,aepine46@studiopress.com,9315 Hauk Place,Jiangdianzi,
152,Ingeberg,Lowndes,ilowndes47@yale.edu,370 Heffernan Hill,Trélazé,B5
153,Georgette,Drewes,gdrewes48@youtube.com,45 Lakewood Gardens Center,Kangdong-ŭp,
154,Huntley,Mackro,hmackro49@npr.org,316 Tennyson Hill,Polo,
155,Skylar,MacCartan,smaccartan4a@a8.net,7 Center Hill,Strasbourg,C1
156,Nevile,Challicum,nchallicum4b@yelp.com,09 8th Road,Vällingby,AB
157,Hobard,Pittaway,hpittaway4c@booking.com,60425 Towne Park,Bintang,
158,Rodi,Fagence,rfagence4d@narod.ru,96 Lillian Point,Girsereng,
159,Chantal,Handling,chandling4e@engadget.com,5 Welch Avenue,Przyborów,
160,Raynard,Chafer,rchafer4f@rakuten.co.jp,5989 Vernon Road,Ziguinchor,
161,Brion,Simmill,bsimmill4g@blog.com,1018 Eggendart Avenue,Cruces,
162,Nickie,Vanelli,nvanelli4h@smh.com.au,989 Truax Circle,Ichihara,
163,Shayne,Bales,sbales4i@ihg.com,4 Sundown Center,Minneapolis,MN
164,Lorain,De Brett,ldebrett4j@moonfruit.com,3 Prentice Lane,Akankpa,
165,Elbertina,Fronczak,efronczak4k@jimdo.com,0 East Avenue,Rääkkylä,
166,Clay,Campey,ccampey4l@com.com,50 Holy Cross Park,Ravānsar,
167,Aloise,Rossin,arossin4m@theatlantic.com,4754 Vidon Alley,São Pedro Gafanhoeira,7
168,Dennis,Sante,dsante4n@eventbrite.com,2 Banding Center,Torino,PM
169,Connie,Alway,calway4o@reddit.com,62445 Spaight Place,Suchy Las,
170,Dave,Paddick,dpaddick4p@microsoft.com,26 Transport Court,Xiaozhi,
171,Francklin,Andriuzzi,fandriuzzi4q@t-online.de,8775 North Center,Volary,
172,Christina,Hedditeh,chedditeh4r@last.fm,37192 American Lane,Cumedak,
173,Briny,Russen,brussen4s@oaic.gov.au,93945 Stephen Trail,Cutral-Có,
174,Dasya,Wellstead,dwellstead4t@netlog.com,2262 Independence Street,Timoulilt,
175,Dottie,Bransom,dbransom4u@msu.edu,43384 Fairview Park,Padurung,
176,Merrel,Strangeways,mstrangeways4v@stumbleupon.com,03724 Nelson Trail,Hexi,
177,Chester,Deacock,cdeacock4w@godaddy.com,29 East Hill,Shuangjing,
178,Cilka,Chiverstone,cchiverstone4x@hao123.com,501 Fremont Pass,Niederwaldkirchen,4
179,Kingsly,Bunney,kbunney4y@ftc.gov,925 Ruskin Park,Sanlian,
180,Davine,Dikes,ddikes4z@usnews.com,1 Birchwood Avenue,Kungälv,O
181,Blinni,Kondratenya,bkondratenya50@bbb.org,04353 Tomscot Road,Calanogas,
182,Timothea,Newis,tnewis51@github.io,8431 Quincy Pass,Skomlin,
183,Felita,Gunthorpe,fgunthorpe52@google.co.jp,8 Knutson Plaza,Lelkowo,
184,Mel,Klais,mklais53@spiegel.de,135 Graceland Court,Pitangui,
185,Austin,Gribben,agribben54@senate.gov,391 Gina Park,Auna,
186,Basilius,Jorissen,bjorissen55@hubpages.com,0 Buena Vista Drive,Rubiataba,
187,Roscoe,Cowap,rcowap56@google.com.hk,18 Lake View Alley,Bilohirs’k,
188,Teri,Wrigley,twrigley57@spotify.com,4 Ridgeview Way,Primorskiy,
189,Lena,Van Weedenburg,lvanweedenburg58@stumbleupon.com,53 Sutherland Court,Karpushikha,
190,Alisun,Flode,aflode59@hubpages.com,3860 Sage Crossing,Shiqiao,
191,Maxim,Golsworthy,mgolsworthy5a@webs.com,7396 Merrick Point,Tampa,FL
192,Gallagher,Wynne,gwynne5b@unesco.org,05765 Bluejay Avenue,Jiexiu,
193,Darsey,Harrison,dharrison5c@oracle.com,924 Merry Crossing,Binangun,
194,Anestassia,Yuryev,ayuryev5d@loc.gov,40 Lyons Crossing,Tugusirna,
195,Stuart,Tebbutt,stebbutt5e@imdb.com,67 Warbler Park,Mayskiy,
196,Brooks,Enevoldsen,benevoldsen5f@alibaba.com,54890 Dryden Crossing,Shelabolikha,
197,Frayda,Oppie,foppie5g@abc.net.au,9387 Bartillon Point,Darya Boyi,
198,Micky,Cords,mcords5h@xrea.com,3 Lerdahl Alley,Itaporanga,
199,Buddy,Riccioppo,briccioppo5i@artisteer.com,227 Transport Street,Norrköping,E
200,Orelee,Dyble,odyble5j@alibaba.com,09322 Brentwood Way,Čačinci,
201,Helga,Helix,hhelix5k@dagondesign.com,23 Hooker Hill,Seixas,6
202,Caryl,Clace,cclace5l@ftc.gov,53827 Anhalt Street,Digdig,
203,Carola,Blogg,cblogg5m@xing.com,2 Lien Street,Tornio,
204,Samaria,Aucock,saucock5n@marketwatch.com,5953 Kinsman Terrace,Fryanovo,
205,Tiphany,Clapton,tclapton5o@sohu.com,3 Butternut Court,Kinshasa,
206,Nelie,Puzey,npuzey5p@youtu.be,4 Springs Plaza,Basarabeasca,
207,Fernande,Yaknov,fyaknov5q@ucsd.edu,08 Northwestern Crossing,Limulan,
208,Bird,Sibthorpe,bsibthorpe5r@blogger.com,36798 Mesta Crossing,Charlotte,NC
209,Papageno,Ferebee,pferebee5s@sitemeter.com,35 Debra Parkway,Caxias do Sul,
210,Kristofor,Winley,kwinley5t@narod.ru,676 John Wall Junction,Navan,
211,Farand,Rake,frake5u@fda.gov,0 Kropf Place,Obanazawa,
212,Eddy,Mattocks,emattocks5v@msu.edu,38173 Veith Point,Darong,
213,Cariotta,Withers,cwithers5w@wordpress.com,27 Paget Avenue,Yunxi,
214,Bette,Wigfall,bwigfall5x@gravatar.com,26 3rd Court,Wangjing,
215,Ailina,Brasseur,abrasseur5y@cbslocal.com,5566 Bellgrove Parkway,Neiba,
216,Frederica,Quincey,fquincey5z@foxnews.com,1372 Old Shore Circle,Lakhdenpokh’ya,
217,Anallese,Rowcliffe,arowcliffe60@paypal.com,73032 Clarendon Crossing,Mbanga,
218,Mathilde,Dussy,mdussy61@angelfire.com,69 Southridge Alley,Chejiazhuang,
219,Melodie,Broggetti,mbroggetti62@nbcnews.com,1 Oriole Way,Kaduketug,
220,Viola,Kirwood,vkirwood63@chicagotribune.com,4534 Express Center,Starigrad,
221,Eryn,Yuryatin,eyuryatin64@symantec.com,1 Namekagon Pass,Ilha de Moçambique,
222,Jeniffer,Kramer,jkramer65@g.co,31 Doe Crossing Park,Santa Rita do Sapucaí,
223,Keefe,Kobes,kkobes66@lycos.com,05267 Helena Hill,Katsuta,
224,Marge,Chavez,mchavez67@gizmodo.com,21203 Jay Place,Niños Heroes,OAX
225,Ransom,Lawrenz,rlawrenz68@google.pl,13884 Green Park,Pīshvā,
226,Sharia,Hame,shame69@gnu.org,039 Nevada Place,Novo Selo,
227,Mab,Samsin,msamsin6a@dot.gov,5 American Crossing,Salingogan,
228,Hewitt,Aizikovitch,haizikovitch6b@ehow.com,23561 Toban Plaza,Bonak,
229,Kilian,Henniger,khenniger6c@squidoo.com,34607 Florence Parkway,Zhongshan Donglu,
230,Gasper,Blackater,gblackater6d@example.com,718 Truax Trail,Koua,
231,Adda,Labuschagne,alabuschagne6e@msu.edu,34256 Havey Parkway,Huskvarna,F
232,Antoinette,MacGillivrie,amacgillivrie6f@360.cn,1 Hansons Way,Kugesi,
233,Teodoro,Shields,tshields6g@timesonline.co.uk,7 Nelson Drive,Vostochnyy,
234,Rainer,Firle,rfirle6h@cnet.com,56 Spohn Hill,Huimin,
235,Stevana,Bon,sbon6i@cyberchimps.com,39015 Blaine Junction,Pipa,
236,Jorrie,Mansuer,jmansuer6j@imdb.com,069 Gina Pass,Huangqiao,
237,Lucius,Sproat,lsproat6k@theglobeandmail.com,00 Meadow Ridge Park,Citalahab,
238,Tove,Sabathier,tsabathier6l@nih.gov,297 Hintze Center,Zhutian,
239,Kinsley,Conklin,kconklin6m@ebay.co.uk,110 Brentwood Terrace,Pāvilosta,
240,Finn,Turbard,fturbard6n@godaddy.com,66084 Barnett Street,Cerro de Pasco,
241,Andrey,Thorrington,athorrington6o@ca.gov,922 Blue Bill Park Junction,Lewo,
242,Libbi,Gogan,lgogan6p@mediafire.com,18374 Valley Edge Circle,Odessa,TX
243,Clara,Bogaert,cbogaert6q@cornell.edu,0972 Moulton Plaza,Sindon,
244,Laurie,Chatwood,lchatwood6r@state.tx.us,05608 Village Green Parkway,Olinda,
245,Julienne,Piatek,jpiatek6s@amazon.com,7 Hoepker Street,San Miguel,
246,Konstantin,D'Alesco,kdalesco6t@amazon.de,1844 Tennessee Alley,Severskaya,
247,Aleta,Carwithim,acarwithim6u@macromedia.com,4477 Golf Course Trail,Qiaodong,
248,Brande,Swindell,bswindell6v@posterous.com,4748 Sage Way,Bello,
249,Dora,Moffatt,dmoffatt6w@businesswire.com,6244 Morrow Avenue,Wañgan,
250,Theodoric,Boar,tboar6x@trellian.com,3927 Hayes Center,La Sarrosa,
251,Marianne,Pimlott,mpimlott6y@abc.net.au,4 Sullivan Center,Pa Tio,
252,Tim,Birchenhead,tbirchenhead6z@ucla.edu,21919 Melvin Park,Stavropol’,
253,Hamid,Chaffen,hchaffen70@sakura.ne.jp,61 Bashford Park,Yoro,
254,Saba,Firmage,sfirmage71@ox.ac.uk,71 Scott Hill,Strellc i Ulët,
255,Ruby,Matthieson,rmatthieson72@parallels.com,131 Union Center,Klutuk,
256,Lief,Cicchelli,lcicchelli73@wikipedia.org,6494 Sommers Pass,Otaslavice,
257,Brenn,Toone,btoone74@salon.com,3242 Leroy Street,Zmiennica,
258,Saba,Wint,swint75@exblog.jp,0 Muir Crossing,Abbotsford,BC
259,Holly,Antoniutti,hantoniutti76@macromedia.com,7 Grim Place,Chengmagang,
260,Berthe,Hollingby,bhollingby77@whitehouse.gov,9730 Jenifer Point,Xiaowuzhan,
261,Nickola,Jon,njon78@hatena.ne.jp,3075 Bluestem Drive,Požarevac,
262,Alethea,Leaburn,aleaburn79@multiply.com,990 Quincy Park,Mayuge,
263,Corena,Bollin,cbollin7a@huffingtonpost.com,069 Sage Crossing,Sayḩūt,
264,Chrisy,Welfair,cwelfair7b@360.cn,1531 Ridge Oak Crossing,Lyuban’,
265,Kerri,Hindenberger,khindenberger7c@uiuc.edu,8 Brickson Park Center,Zaječar,
266,Kristos,Cran,kcran7d@msn.com,1 Dottie Park,Akráta,
267,Anthiathia,Bigley,abigley7e@paginegialle.it,56316 Holmberg Avenue,Banyumas,
268,Bettye,Jeune,bjeune7f@addtoany.com,60 Acker Crossing,Guchang,
269,Carny,Broadfoot,cbroadfoot7g@mlb.com,19 Glendale Hill,Thanatpin,
270,Findlay,Grima,fgrima7h@seesaa.net,7 Pennsylvania Road,Qinghaihu,
271,Daren,Rathbourne,drathbourne7i@t.co,2 Larry Terrace,Noebana,
272,Danice,Lunny,dlunny7j@whitehouse.gov,2 Annamark Avenue,Kuncen,
273,Nara,Nacey,nnacey7k@cloudflare.com,49 Packers Park,Bagikkedok Lauk,
274,Anatola,Gleed,agleed7l@wordpress.com,0326 Eliot Point,Caparrapí,
275,Belia,Stump,bstump7m@sogou.com,07 Jenna Way,Busungbiu,
276,Amerigo,Mathews,amathews7n@joomla.org,7 Butternut Court,Studénka,
277,Natka,Lodewick,nlodewick7o@google.com.au,2591 Sycamore Circle,Xinpeicun,
278,Alix,Dowthwaite,adowthwaite7p@nih.gov,0 Namekagon Plaza,Hexi,
279,Skipp,Makin,smakin7q@nsw.gov.au,23 Reindahl Parkway,Vilppula,
280,Fredericka,Kerss,fkerss7r@newyorker.com,859 Schiller Park,Sabaneta,
281,Deni,Puttnam,dputtnam7s@digg.com,717 Hallows Pass,Vapnyarka,
282,Lynette,Fleming,lfleming7t@sina.com.cn,928 Wayridge Alley,Portariá,
283,Lexi,Zumbusch,lzumbusch7u@nifty.com,95914 Old Gate Drive,Nine,3
284,Paddy,Burril,pburril7v@histats.com,30 Vahlen Court,Dongtou,
285,Merrily,Borell,mborell7w@admin.ch,0 Lindbergh Road,Nichinan,
286,Forester,Pickwell,fpickwell7x@hud.gov,16075 Alpine Road,Bulod,
287,Cobb,Banker,cbanker7y@odnoklassniki.ru,8 Larry Park,Sharga,
288,Reed,Caudwell,rcaudwell7z@epa.gov,4 Autumn Leaf Avenue,Fengshan,
289,Niles,Bruineman,nbruineman80@icq.com,2128 Red Cloud Lane,Weepangali,
290,Carmella,Frisdick,cfrisdick81@1und1.de,1784 Donald Trail,Fakel,
291,Deane,Matteo,dmatteo82@unicef.org,425 Butternut Hill,Chã,14
292,Derward,Renn,drenn83@china.com.cn,9492 Village Circle,Bořitov,
293,Valery,Buckell,vbuckell84@wikia.com,9585 Marquette Junction,Chvalšiny,
294,Rolf,Stuttard,rstuttard85@tumblr.com,950 Corben Parkway,Jilib,
295,Phillipe,Warrick,pwarrick86@house.gov,77402 Loomis Alley,Tonosí,
296,Bradan,Clemitt,bclemitt87@upenn.edu,658 Hazelcrest Terrace,Utajärvi,
297,Mariejeanne,Bouller,mbouller88@prweb.com,543 Mallard Road,Isla,
298,Sarina,Lecointe,slecointe89@time.com,13679 Meadow Vale Parkway,Sokarame,
299,Staci,Duckham,sduckham8a@reddit.com,19201 Emmet Road,Alexandria,LA
300,Keslie,Pressnell,kpressnell8b@psu.edu,74212 Michigan Hill,Ya’ngan,
301,Lacie,Endicott,lendicott8c@wunderground.com,99218 Debra Way,Al Mukallā,
302,Eudora,Alibone,ealibone8d@tumblr.com,023 Dottie Street,Yaotian,
303,Lise,Houliston,lhouliston8e@google.co.uk,19404 Granby Pass,Luwingu,
304,Danette,Broader,dbroader8f@indiegogo.com,8156 Main Drive,Singajaya,
305,Juline,Odda,jodda8g@freewebs.com,96 Crescent Oaks Point,Carriedo,
306,Monah,Haskayne,mhaskayne8h@theguardian.com,11 Ilene Plaza,Abuochiche,
307,Meaghan,Whitemarsh,mwhitemarsh8i@bloglines.com,74032 Dennis Avenue,Skaryszew,
308,Yule,Greenside,ygreenside8j@surveymonkey.com,23940 Thierer Drive,Chãos,13
309,Ginnie,Hanby,ghanby8k@stanford.edu,4 Oak Valley Avenue,Halden,1
310,Oralle,Christofle,ochristofle8l@tripadvisor.com,447 Morrow Park,Barras,
311,Bethany,Farrall,bfarrall8m@drupal.org,6 Elgar Parkway,Kloulklubed,
312,Waite,Pragnell,wpragnell8n@nydailynews.com,12 Muir Street,Rada Tilly,
313,Keen,Savill,ksavill8o@ehow.com,10 Jay Trail,Shuangbaiyang,
314,Jessica,Eagle,jeagle8p@columbia.edu,6 Park Meadow Park,Pasirmanggu,
315,Alice,Juett,ajuett8q@examiner.com,93564 Hagan Place,Pöytyä,
316,Gerianna,Crispe,gcrispe8r@hugedomains.com,8 Arizona Plaza,Canmore,AB
317,Abbe,Dornin,adornin8s@oracle.com,9 Victoria Park,Duiwelskloof,
318,Sharona,Kippling,skippling8t@salon.com,2 Sunfield Circle,Retenggoma,
319,Chet,Longthorn,clongthorn8u@nytimes.com,657 Debra Circle,Zangbi,
320,Demetri,Westfield,dwestfield8v@microsoft.com,5962 3rd Drive,Bela Vista,
321,Garfield,Dust,gdust8w@yellowbook.com,3 Oak Park,Karangagung Timur,
322,Billie,Karmel,bkarmel8x@cpanel.net,90524 Petterle Road,Fresno,CA
323,Damian,Van Der Weedenburg,dvanderweedenburg8y@about.me,29 Red Cloud Point,Lebahseri,
324,Armand,Ride,aride8z@taobao.com,6 Veith Junction,Cho-airong,
325,Velvet,von Hagt,vvonhagt90@php.net,9086 Spenser Road,Tosno,
326,Ashley,Gaytor,agaytor91@blogger.com,3 Main Pass,Yŏnmu,
327,Jobie,Maffey,jmaffey92@youtu.be,62608 Commercial Hill,Liudu,
328,Muire,Rain,mrain93@google.com.au,80514 Browning Plaza,Liozon,
329,Dulcy,Jonuzi,djonuzi94@twitpic.com,2974 Veith Parkway,Dvurechensk,
330,Ringo,Trusler,rtrusler95@amazon.co.jp,7 Londonderry Drive,Xinyan,
331,Thatch,Maulkin,tmaulkin96@cpanel.net,4225 Mifflin Court,Banjar Tengah,
332,Betsy,Augustine,baugustine97@eventbrite.com,18 Barnett Park,Mounlapamôk,
333,Annabel,Lavrick,alavrick98@networksolutions.com,05614 Schlimgen Place,Krajan,
334,Knox,Goodlad,kgoodlad99@prnewswire.com,4 Summit Court,Yiliu,
335,Baird,Aharoni,baharoni9a@zdnet.com,76 Meadow Ridge Road,Lionel Town,
336,Baryram,Buffy,bbuffy9b@topsy.com,45359 Thackeray Hill,Pasuruan,
337,Cyril,Stark,cstark9c@skype.com,35 Northland Center,Lhoknga,
338,Kai,Glen,kglen9d@flickr.com,9366 Main Point,Sulęcin,
339,Vitoria,Willsmore,vwillsmore9e@tripadvisor.com,844 Rusk Circle,Bringinanom,
340,Jesse,Crafter,jcrafter9f@irs.gov,96 Armistice Place,Chenārān,
341,Thorndike,Oulet,toulet9g@bbb.org,1 Anderson Hill,Duobao,
342,Elizabeth,Woodroof,ewoodroof9h@cpanel.net,1 1st Drive,Puerto Quijarro,
343,Karrie,Mousley,kmousley9i@lulu.com,6149 Talisman Drive,Czerwionka-Leszczyny,
344,Dion,Polkinhorn,dpolkinhorn9j@discovery.com,6275 Debs Road,Sysert’,
345,Darelle,Chattock,dchattock9k@webnode.com,253 Arrowood Avenue,Novozavidovskiy,
346,Cleon,Byrth,cbyrth9l@prlog.org,4143 Prentice Lane,Satita,
347,Minnnie,Mauser,mmauser9m@indiegogo.com,10706 Farragut Alley,Hatava,
348,Neilla,McCuffie,nmccuffie9n@icio.us,89638 Autumn Leaf Crossing,Calabugao,
349,Ned,D'Antuoni,ndantuoni9o@va.gov,66 Hudson Junction,Sumberkemuning,
350,Melosa,Atto,matto9p@ox.ac.uk,21 Old Gate Parkway,Xingyuan,
351,Simonne,Northridge,snorthridge9q@digg.com,6078 Iowa Hill,Port Barton,
352,Milly,Peltz,mpeltz9r@home.pl,587 Del Sol Way,Ten’gushevo,
353,Obediah,Eliyahu,oeliyahu9s@deliciousdays.com,95724 Hanover Center,Xiaocheng,
354,Constantia,Offin,coffin9t@sun.com,94000 Sherman Center,Liuyuan,
355,Barbaraanne,Seacroft,bseacroft9u@google.nl,78 Stephen Point,Kusatsu,
356,Joella,Chard,jchard9v@cornell.edu,83695 Washington Drive,Cirangkong,
357,Else,Cuttle,ecuttle9w@booking.com,9230 Hooker Place,Trablice,
358,Amelina,Yakebovich,ayakebovich9x@paypal.com,50421 Nova Terrace,Oranmore,
359,Michaella,Penswick,mpenswick9y@soundcloud.com,61 Corben Lane,Caleta Olivia,
360,Aldus,Philippeaux,aphilippeaux9z@angelfire.com,88381 Florence Lane,Madrid,MD
361,Gare,Eger,gegera0@cloudflare.com,4100 Gateway Lane,Caen,99
362,Rhiamon,Lewnden,rlewndena1@joomla.org,80171 Doe Crossing Court,Enniskerry,
363,Emmet,De Clairmont,edeclairmonta2@examiner.com,7 Spaight Circle,Santa Lucia,
364,Tove,Bullen,tbullena3@webeden.co.uk,792 Spaight Avenue,Barra do Piraí,
365,Cleavland,Heathorn,cheathorna4@scientificamerican.com,8322 Esker Junction,Comodoro Rivadavia,
366,Pernell,Tumini,ptuminia5@toplist.cz,41103 Commercial Street,Gakem,
367,Myles,Churm,mchurma6@guardian.co.uk,11 Claremont Crossing,Xuri,
368,Adolphus,Grevatt,agrevatta7@ucla.edu,9091 Johnson Junction,Julita,
369,Priscilla,Deacon,pdeacona8@ustream.tv,87 Meadow Ridge Way,Fenghuanglu,
370,Anne,Crinkley,acrinkleya9@github.com,22573 Derek Court,Kozhevnikovo,
371,Charla,Crispe,ccrispeaa@tamu.edu,2777 Hudson Alley,Panjing,
372,Bron,Sarjent,bsarjentab@webs.com,12872 Randy Lane,Chamni,
373,Alecia,Astridge,aastridgeac@tinyurl.com,720 Sloan Park,Toamasina,
374,Dukie,Colliard,dcolliardad@fastcompany.com,6531 Transport Trail,Jembatandua,
375,Elsie,Spraggs,espraggsae@uiuc.edu,8 Schiller Pass,Osasco,
376,Bentlee,Benard,bbenardaf@goo.gl,5065 Lerdahl Lane,Jutrosin,
377,Omar,Chilton,ochiltonag@amazon.com,8 Forster Park,Ōkawara,
378,Zack,Hryniewicki,zhryniewickiah@msu.edu,68 Fordem Avenue,Bergen,12
379,Noby,Peek,npeekai@ca.gov,25 Graedel Place,Santa Fe,NM
380,Tybalt,Pennigar,tpennigaraj@skype.com,5023 Talisman Avenue,Sabae,
381,Winnifred,Bunney,wbunneyak@google.com.hk,7376 Pepper Wood Way,Mauponggo,
382,Archambault,Salack,asalackal@psu.edu,5515 Truax Terrace,Sousse,
383,Robyn,Molineaux,rmolineauxam@walmart.com,66064 David Alley,Honolulu,HI
384,Donelle,Tittershill,dtittershillan@technorati.com,8 Loftsgordon Plaza,Kacha,
385,Agneta,Leworthy,aleworthyao@huffingtonpost.com,31 David Hill,München,BY
386,Briney,Durker,bdurkerap@intel.com,2629 Autumn Leaf Way,Bojong,
387,Philip,Durbann,pdurbannaq@yahoo.com,2 Moland Circle,Tangxia,
388,Doro,Dulling,ddullingar@chron.com,6936 Saint Paul Street,Torre,13
389,Wilmar,Bilsborrow,wbilsborrowas@soundcloud.com,8 Sommers Point,Dongdu,
390,Joshia,Leverentz,jleverentzat@arstechnica.com,16 Utah Alley,General Alvear,
391,Anallese,Pomery,apomeryau@arstechnica.com,23 Farragut Crossing,Yangxi,
392,Jeri,Oliver,joliverav@1688.com,22405 Morrow Parkway,Leonídio,
393,Dina,O'Cullen,docullenaw@state.gov,1181 Caliangt Hill,Bergen,12
394,Berne,Mellanby,bmellanbyax@addthis.com,88 Manufacturers Point,Bébédja,
395,Hercule,Cockney,hcockneyay@virginia.edu,4 Reinke Junction,Canguçu,
396,Dory,Luscombe,dluscombeaz@springer.com,965 Shelley Lane,Hilotongan,
397,Stevena,Carr,scarrb0@jigsy.com,7 Springs Drive,Krasnyy Oktyabr’,
398,Jordan,Wakes,jwakesb1@google.co.uk,779 Gulseth Circle,Koltubanovskiy,
399,Gayel,Colbran,gcolbranb2@issuu.com,21 Golden Leaf Terrace,Kelīshād va Sūdarjān,
400,Mannie,Duckham,mduckhamb3@blogger.com,349 Graceland Plaza,Los Angeles,SIN
401,Licha,Spaven,lspavenb4@usatoday.com,7467 Riverside Pass,Tocopilla,
402,Dyanna,Manjin,dmanjinb5@nymag.com,2149 Chive Street,Youxi Chengguanzhen,
403,Marcelia,McGrory,mmcgroryb6@amazon.co.jp,88737 Scoville Crossing,Masaraway,
404,Jordon,Cusick,jcusickb7@hao123.com,288 Forest Run Park,Madimba,
405,Blithe,Robertazzi,brobertazzib8@aboutads.info,2315 Rowland Center,Salekhard,
406,Reube,Paynter,rpaynterb9@csmonitor.com,41801 Cordelia Road,Gradishtë,
407,Guenna,Cansfield,gcansfieldba@hp.com,8 Autumn Leaf Crossing,El Alto,
408,Damita,Muckle,dmucklebb@twitpic.com,991 Shopko Park,Tyresö,AB
409,Penelope,Gowers,pgowersbc@sohu.com,84277 Warbler Court,Artemivs’k,
410,Malinde,Beaford,mbeafordbd@tiny.cc,2 Barnett Parkway,Tongjing,
411,Min,Coultish,mcoultishbe@redcross.org,00 Evergreen Junction,Yongjiang,
412,Kalindi,Pulsford,kpulsfordbf@themeforest.net,97292 Eggendart Way,Angoulême,B7
413,Selle,Roddick,sroddickbg@livejournal.com,85558 Lukken Alley,Jiangchuan,
414,Jamil,Hardaway,jhardawaybh@marketwatch.com,70 Raven Junction,Huagu,
415,Rabi,Argente,rargentebi@yellowpages.com,00 Esch Avenue,Rozivka,
416,Niki,Larvor,nlarvorbj@ameblo.jp,3271 Stephen Drive,Bitung,
417,Karoly,Lippingwell,klippingwellbk@youku.com,55630 Pleasure Place,Tālīn,
418,Tory,Barthorpe,tbarthorpebl@vk.com,79180 Scoville Street,Dumbéa,
419,Brewster,Sawyer,bsawyerbm@merriam-webster.com,742 Susan Avenue,Na Chueak,
420,Tildy,Thorwarth,tthorwarthbn@pen.io,0334 Green Junction,Ankazondandy,
421,Alic,Michael,amichaelbo@tuttocitta.it,1 Summit Way,Lexington,KY
422,Torrin,Pinching,tpinchingbp@theguardian.com,01440 Anhalt Parkway,Sukamantri Satu,
423,Evyn,Derl,ederlbq@dagondesign.com,596 Northwestern Plaza,Kagoshima-shi,
424,Fionna,Huccaby,fhuccabybr@shareasale.com,514 Atwood Circle,Yelizavetinskoye,
425,Pacorro,O'Keefe,pokeefebs@skype.com,42928 Summerview Crossing,Sadar Bazar,UP
426,Kelsi,Fozzard,kfozzardbt@youku.com,72383 Sommers Hill,Mapinrea,
427,Orbadiah,Daintree,odaintreebu@sciencedirect.com,32 Ilene Terrace,Sumberngerjat,
428,Byrann,Glass,bglassbv@vinaora.com,9368 Mitchell Parkway,Kefar Tavor,
429,Eadith,Perulli,eperullibw@home.pl,9521 Caliangt Way,Gornyye Klyuchi,
430,Ammamaria,Twiddell,atwiddellbx@hao123.com,13593 Scoville Hill,Oslo,3
431,Keven,Embleton,kembletonby@wiley.com,8978 Cherokee Place,Moluo,
432,Lainey,Mewe,lmewebz@springer.com,4154 Coolidge Alley,Pedaringan,
433,Natalee,Knellen,nknellenc0@123-reg.co.uk,5 Messerschmidt Avenue,Las Tunas,
434,Chelsey,Espadas,cespadasc1@angelfire.com,8666 Westend Lane,Langchi,
435,Gale,MacClay,gmacclayc2@berkeley.edu,98015 Ludington Drive,El Retiro,
436,Nathan,Nellies,nnelliesc3@shutterfly.com,420 Cardinal Road,Simpang,
437,Hastie,Freeland,hfreelandc4@techcrunch.com,5 Schurz Park,Mengenkrajan,
438,Marguerite,Grassi,mgrassic5@trellian.com,6906 Meadow Vale Parkway,Jiangyi,
439,Mavis,McPeice,mmcpeicec6@about.com,7 Bunting Crossing,Milano,LM
440,Pansie,Hould,phouldc7@aboutads.info,380 1st Street,Ngembel,
441,Leta,Rhule,lrhulec8@google.com.br,58 Bluestem Point,Campo Alegre,
442,Cherlyn,Georgot,cgeorgotc9@boston.com,43 Onsgard Road,Hali,
443,Gard,Droghan,gdroghanca@japanpost.jp,9 Warner Trail,Buenos Aires,SON
444,Cosette,Fantini,cfantinicb@google.de,90 Annamark Circle,Pashkovskiy,
445,Melodie,Godilington,mgodilingtoncc@dmoz.org,94430 Graedel Crossing,Hetang,
446,Melissa,Torbet,mtorbetcd@scribd.com,69 Miller Place,Norak,
447,Thomasine,Bathowe,tbathowece@businessinsider.com,236 Monterey Circle,Pidsandawan,
448,Tanner,Yetton,tyettoncf@delicious.com,8 Northwestern Terrace,Karangcombong,
449,Ibrahim,Cassel,icasselcg@sitemeter.com,8 Laurel Park,Irapa,
450,Meta,Passman,mpassmanch@toplist.cz,4435 Continental Point,Hastings,
451,Alikee,Free,afreeci@jimdo.com,7 Forest Junction,Kongjiang,
452,Irvin,Kendrick,ikendrickcj@tinyurl.com,9663 Mcbride Street,Naas,
453,Dietrich,Wallworke,dwallworkeck@tripadvisor.com,64 Tomscot Terrace,Czyżowice,
454,Rosy,Forsbey,rforsbeycl@vimeo.com,198 Tomscot Circle,Wongaya Kaja,
455,Edouard,Oliva,eolivacm@vk.com,428 Green Ridge Point,Zaragoza,COA
456,Anders,Whitnell,awhitnellcn@bigcartel.com,244 Hooker Plaza,Sharïngol,
457,Viva,Pasek,vpasekco@dedecms.com,17668 Carpenter Alley,Xinxu,
458,Aila,Bridat,abridatcp@wix.com,1553 Everett Point,Chiconi,
459,Sheila,Marklund,smarklundcq@independent.co.uk,5 Huxley Drive,Knin,
460,Norby,Cramer,ncramercr@ameblo.jp,00 Sycamore Way,Kose,
461,Elsi,Wyer,ewyercs@alibaba.com,766 Lindbergh Crossing,Hang Dong,
462,Wilhelmina,Hamal,whamalct@google.fr,3 Hoffman Trail,Khagrachhari,
463,Hollis,Tincombe,htincombecu@hugedomains.com,3 Orin Street,Dacun,
464,Danica,Vondrach,dvondrachcv@ucla.edu,7905 Buhler Place,Wanareja,
465,Norrie,Kiossel,nkiosselcw@noaa.gov,11041 5th Road,Padangpanjang,
466,Trefor,Stucksbury,tstucksburycx@soup.io,16620 Reinke Court,Qingshan,
467,Tomkin,Lowater,tlowatercy@quantcast.com,3 Eastlawn Point,Novovarshavka,
468,Denise,Caukill,dcaukillcz@shutterfly.com,2 Farwell Crossing,Malainen Luma,
469,Jermain,O'Caine,jocained0@icq.com,51971 Sycamore Terrace,Semampirbarat,
470,Jeno,Leborgne,jleborgned1@ucla.edu,0874 Doe Crossing Trail,Paços,1
471,Anselma,Fedder,afedderd2@joomla.org,863 Carpenter Center,Trindade,
472,Kaia,Verrick,kverrickd3@liveinternet.ru,1403 7th Way,Xinfu,
473,Guy,Kilrow,gkilrowd4@hostgator.com,802 Granby Court,Albi,B3
474,Patton,Luetkemeyer,pluetkemeyerd5@hhs.gov,0 Arkansas Circle,Yemva,
475,Flinn,Mercer,fmercerd6@upenn.edu,95 Park Meadow Park,Monchegorsk,
476,Jeanine,Obray,jobrayd7@addthis.com,47619 Crownhardt Alley,Villaviciosa,
477,Jodi,Anger,jangerd8@dropbox.com,3 East Road,Bystřice nad Pernštejnem,
478,Ludovico,Hosburn,lhosburnd9@sohu.com,1289 John Wall Circle,Dalang,
479,Alameda,Pickrill,apickrillda@twitter.com,481 Red Cloud Parkway,Masipi West,
480,Liuka,Coom,lcoomdb@mapquest.com,4 Southridge Alley,Az̧ Z̧alī‘ah,
481,Rudy,Stancliffe,rstancliffedc@yellowbook.com,83 Glendale Point,Huntsville,AL
482,Vinnie,Gentil,vgentildd@topsy.com,5 Sugar Pass,Laiguangying,
483,Jacquelynn,Extal,jextalde@bing.com,39337 Butternut Way,Nizao,
484,Ira,Brislen,ibrislendf@jimdo.com,09415 Prentice Plaza,Sabana Grande de Palenque,
485,Arley,Rosewall,arosewalldg@prnewswire.com,917 Vermont Park,Mat-i,
486,Paul,Bernardon,pbernardondh@blogger.com,9 Thackeray Junction,Rauna,
487,Dominic,Gwioneth,dgwionethdi@wunderground.com,03 Ridgeview Plaza,Machinga,
488,Tedi,Huguenet,thuguenetdj@census.gov,23 Sloan Avenue,Lourido,13
489,Terry,Grinikhinov,tgrinikhinovdk@va.gov,089 Trailsway Pass,Chuntai,
490,Paddy,Castaignet,pcastaignetdl@auda.org.au,801 Chinook Avenue,Gorno Orizari,
491,Murdoch,Sundin,msundindm@usatoday.com,89351 Fallview Way,Prang Ku,
492,Junina,Joddins,jjoddinsdn@bbb.org,58396 Crowley Trail,Mandōl,
493,Averil,Witheridge,awitheridgedo@1und1.de,77 Ridgeview Point,Pantai,
494,Hyman,Parris,hparrisdp@webs.com,4 Oxford Point,Tiên Phước,
495,Murdoch,Dreng,mdrengdq@etsy.com,312 Meadow Vale Parkway,Raša,
496,Starlene,Killimister,skillimisterdr@edublogs.org,9011 Artisan Hill,Могила,
497,Tiffany,Hamshaw,thamshawds@timesonline.co.uk,82571 Bluestem Trail,Mamoudzou,
498,Germana,Deverell,gdeverelldt@studiopress.com,6900 Kim Alley,Wailang,
499,Linnell,Mieville,lmievilledu@hud.gov,9921 Ludington Lane,Guararé,
500,Marcelline,Hannaway,mhannawaydv@stanford.edu,28515 Brentwood Place,Biruinţa,
501,Odelia,Cakes,ocakesdw@va.gov,67790 Lotheville Road,Bålsta,C
502,Tamiko,Somerlie,tsomerliedx@google.pl,124 Grover Pass,Xiwanzi,
503,Hugues,Manzell,hmanzelldy@taobao.com,04 Oak Valley Junction,Jiyukou,
504,Geri,Murtimer,gmurtimerdz@bbb.org,73 Fairfield Junction,Mollas,
505,Benedick,Tylor,btylore0@yahoo.co.jp,1 Summer Ridge Circle,Aseri,
506,Rodrigo,Rumming,rrumminge1@istockphoto.com,265 American Ash Crossing,Douala,
507,Neely,MacNab,nmacnabe2@angelfire.com,132 Northview Alley,Nianpan,
508,Trever,Wren,twrene3@imageshack.us,1 Stuart Drive,Patayac,
509,Tome,O' Dooley,todooleye4@elegantthemes.com,184 Forest Alley,Palekastro,
510,Nananne,Lampitt,nlampitte5@nydailynews.com,53737 Prairie Rose Terrace,Xinba,
511,Olav,Kalkofen,okalkofene6@cam.ac.uk,8 Glendale Road,Mababanaba,
512,Shawn,Lipgens,slipgense7@exblog.jp,461 Mayfield Hill,Breu,
513,Netti,Jarrett,njarrette8@thetimes.co.uk,13 Brickson Park Circle,Taojiahe,
514,Cello,MacWhirter,cmacwhirtere9@adobe.com,644 Scofield Hill,Nanto-shi,
515,Pauly,Aulton,paultonea@state.gov,9 Becker Crossing,Sollefteå,Y
516,Carline,Roycroft,croycrofteb@unicef.org,7071 Anzinger Alley,Peras Ruivas,14
517,Mycah,Millard,mmillardec@ucsd.edu,9018 Hagan Avenue,Migori,
518,Leonelle,McKain,lmckained@technorati.com,8270 Aberg Drive,Astorga,
519,Kaine,Heathwood,kheathwoodee@craigslist.org,39106 Kropf Crossing,Tutem,
520,Livvy,Berisford,lberisfordef@fotki.com,2109 Fairview Plaza,Ikar,
521,Lari,McGrae,lmcgraeeg@opera.com,42 Florence Lane,Shaguotun,
522,Shane,Verbruggen,sverbruggeneh@ocn.ne.jp,7 Atwood Lane,Gazli,
523,Noe,Sulland,nsullandei@google.com.hk,106 Lakewood Parkway,Kungälv,O
524,Nicolea,Phizackarley,nphizackarleyej@wiley.com,7 5th Avenue,San Miguel,MEX
525,Evanne,Cowthart,ecowthartek@vkontakte.ru,03 Ridgeview Road,Żarki,
526,Harli,Skoate,hskoateel@live.com,62 Anzinger Hill,Pechersk,
527,Karel,Whilde,kwhildeem@cdc.gov,3 Northridge Court,Hengshanqiao,
528,Roma,McKinna,rmckinnaen@oaic.gov.au,67180 Jay Street,Kotakan Selatan,
529,Morey,Batterton,mbattertoneo@bravesites.com,95 Brown Trail,Moulay Abdallah,
530,Hulda,Heare,hheareep@hatena.ne.jp,735 Schmedeman Road,Daming,
531,Linette,Cobbled,lcobbledeq@wp.com,95 3rd Pass,Lwengo,
532,Francklyn,Coggin,fcogginer@apple.com,86172 Sunfield Hill,Östersund,Z
533,Eleonora,Morrowe,emorrowees@storify.com,7 Commercial Drive,Haoraoshan,
534,Jane,Aasaf,jaasafet@indiegogo.com,67 Mandrake Road,Pacov,
535,Galina,Tilford,gtilfordeu@umich.edu,38 Morrow Hill,Amparafaravola,
536,Holt,Sultan,hsultanev@nhs.uk,6 Lawn Place,Zhenqiao,
537,Ealasaid,Ridolfi,eridolfiew@vkontakte.ru,7 Surrey Hill,Bakau,
538,Celene,Cunnow,ccunnowex@chron.com,3912 Bartelt Place,Perth,WA
539,Dew,Laxe,dlaxeey@virginia.edu,0044 High Crossing Court,Narawayong,
540,Nathaniel,Ekins,nekinsez@com.com,4824 Cardinal Park,Arcos,18
541,Pammie,Jovicevic,pjovicevicf0@google.es,585 Vahlen Trail,København,1084
542,Hannis,Harniman,hharnimanf1@ebay.co.uk,6513 Heffernan Circle,Lindavista,GRO
543,Broddie,Pollack,bpollackf2@joomla.org,49 Thackeray Park,Ilovlya,
544,Cosetta,Brownbill,cbrownbillf3@ezinearticles.com,3 International Park,Gbarnga,
545,Lorenzo,Jenicek,ljenicekf4@dailymotion.com,5035 Aberg Hill,Isiolo,
546,Leena,Woodwind,lwoodwindf5@nationalgeographic.com,3 Sugar Hill,Silgueiros,18
547,Vanny,Freeborn,vfreebornf6@zdnet.com,250 Reindahl Circle,Il’ya,
548,Carrissa,Elcome,celcomef7@forbes.com,86572 Cottonwood Parkway,Vesele,
549,Hersh,Skaife d'Ingerthorpe,hskaifedingerthorpef8@godaddy.com,04 Maryland Parkway,Big Bend,
550,Pinchas,Boar,pboarf9@vistaprint.com,3978 Crownhardt Crossing,Dete,
551,Barnard,Oulett,boulettfa@ft.com,02198 8th Avenue,Faya-Largeau,
552,Diahann,O'Henehan,dohenehanfb@miitbeian.gov.cn,869 Spenser Place,Sambongpari,
553,Annabel,Searsby,asearsbyfc@yelp.com,5 Bluejay Lane,Oumé,
554,Camille,Jeanin,cjeaninfd@mlb.com,89926 Susan Junction,Sabang,
555,Wallis,Cayette,wcayettefe@prlog.org,34 Sycamore Point,Nisporeni,
556,Lettie,Wilmut,lwilmutff@sbwire.com,98228 Jenna Parkway,Maruoka,
557,Dorey,Winkless,dwinklessfg@wikispaces.com,05148 Village Green Way,Cambridge,
558,Dionisio,Lamming,dlammingfh@shareasale.com,2533 Rieder Circle,Nuamuzi,
559,Danice,Eaklee,deakleefi@cam.ac.uk,32765 Mayer Hill,Sidrolândia,
560,Marga,Lober,mloberfj@liveinternet.ru,3 Redwing Pass,Tieremu,
561,Nanny,Kaas,nkaasfk@pinterest.com,63 Leroy Drive,Bánica,
562,Thea,Sandars,tsandarsfl@wunderground.com,238 Linden Alley,Belén,
563,Alexandra,Catlin,acatlinfm@joomla.org,0 Delladonna Avenue,Shūkat aş Şūfī,
564,Sonnie,Cowndley,scowndleyfn@icio.us,0088 Holmberg Park,Gravataí,
565,Eustacia,Wenderoth,ewenderothfo@answers.com,22748 East Center,Daulatpur,
566,Aime,Manz,amanzfp@spiegel.de,217 Waubesa Alley,General Galarza,
567,Base,Rawdall,brawdallfq@issuu.com,68742 Orin Plaza,Tanxi,
568,Trisha,Duly,tdulyfr@themeforest.net,91853 Fordem Junction,Tabinay,
569,Carleen,Newcombe,cnewcombefs@bluehost.com,8339 Mesta Lane,Pochep,
570,Robbert,Humbatch,rhumbatchft@wunderground.com,5 Fallview Parkway,Isiolo,
571,Laurent,Hinckley,lhinckleyfu@about.com,1 Thackeray Alley,Diawara,
572,Hervey,Whereat,hwhereatfv@wikimedia.org,95 Mayfield Hill,Itajuípe,
573,Beverlie,Heaker,bheakerfw@fc2.com,8771 Declaration Crossing,San Isidro,
574,Felipa,Maton,fmatonfx@furl.net,072 Johnson Alley,Huakoulongtan,
575,Moses,Sall,msallfy@hexun.com,15 Emmet Point,Upig,
576,Kimmi,Riatt,kriattfz@lycos.com,8 Di Loreto Crossing,Wierzchowo,
577,Thorvald,Nursey,tnurseyg0@istockphoto.com,7922 Acker Plaza,Az Zawr,
578,Albina,Carlile,acarlileg1@icio.us,604 Grim Avenue,Glushkovo,
579,Roger,Charkham,rcharkhamg2@delicious.com,84753 Northport Pass,Russeifa,
580,Serene,De Mitris,sdemitrisg3@irs.gov,906 Portage Terrace,Huacrachuco,
581,Borden,Goldsberry,bgoldsberryg4@wunderground.com,0 Welch Street,Katunayaka,
582,Eugen,Sparrowe,esparroweg5@simplemachines.org,07790 Orin Terrace,Capacmarca,
583,Edwina,Pryde,eprydeg6@theglobeandmail.com,83 Lakeland Lane,Nong Ruea,
584,Benito,Lamming,blammingg7@businesswire.com,8 Old Shore Street,Tolú,
585,Rebecka,Worcs,rworcsg8@si.edu,107 Lindbergh Court,Egvekinot,
586,Garry,Willisch,gwillischg9@techcrunch.com,1658 Drewry Hill,Jian’ou,
587,Ardelia,Dey,adeyga@drupal.org,35 Rowland Pass,Tanjiaqiao,
588,Doris,Divina,ddivinagb@cmu.edu,24 Fairview Crossing,Ulety,
589,Martyn,Petrina,mpetrinagc@cam.ac.uk,637 High Crossing Point,Yuxi,
590,Rolfe,Simms,rsimmsgd@squidoo.com,4509 Hoepker Plaza,Naranjal,
591,Myrtia,Dudmarsh,mdudmarshge@foxnews.com,3048 Thompson Avenue,Huazangsi,
592,Cherise,Wolfenden,cwolfendengf@google.fr,39714 Ridgeview Lane,Hartford,CT
593,Gun,Jakubowsky,gjakubowskygg@hubpages.com,52277 Larry Parkway,Komorów,
594,Joy,Tunkin,jtunkingh@bbb.org,35 Towne Trail,Armamar,18
595,Bobbie,Naisbit,bnaisbitgi@dion.ne.jp,77591 Darwin Park,Yoshii,
596,Naomi,Burr,nburrgj@google.cn,0426 Donald Way,Wangtuan,
597,Leeann,Fermor,lfermorgk@mozilla.com,691 Shoshone Junction,Mazhonghe,
598,Charles,Lawdham,clawdhamgl@ibm.com,699 Merrick Junction,Doro Oo,
599,Brena,Crittal,bcrittalgm@homestead.com,004 Northwestern Circle,Cortes,10
600,Philippine,Letcher,pletchergn@pbs.org,278 Randy Way,Shankill,
601,Allistir,Glassup,aglassupgo@bigcartel.com,46107 Birchwood Pass,Benoni,
602,Urban,D'Andrea,udandreagp@utexas.edu,66 Golf Course Street,Galapa,
603,Fraser,Hardin,fhardingq@ask.com,9592 Donald Junction,Jiru,
604,Man,Speek,mspeekgr@imdb.com,5 Cascade Junction,Almirante Tamandaré,
605,Craggie,Fiorentino,cfiorentinogs@cisco.com,573 Eastwood Plaza,Malichang,
606,Bobbee,Tirte,btirtegt@intel.com,5924 Starling Point,Nová Role,
607,Willi,Hartmann,whartmanngu@is.gd,87 Golf View Way,Jastrzębia Góra,
608,Walden,Grennan,wgrennangv@discuz.net,22 Clove Center,Dar Chabanne,
609,Brooks,Smiths,bsmithsgw@i2i.jp,703 Forest Dale Plaza,Saint Paul,MN
610,Daisey,Willgoose,dwillgoosegx@ovh.net,88312 Northwestern Street,Stanari,
611,Daryl,Muddicliffe,dmuddicliffegy@google.com.br,5296 International Trail,Beltinci,
612,Melicent,Matous,mmatousgz@arstechnica.com,60 Rutledge Court,Matinao,
613,Merrie,Damato,mdamatoh0@ameblo.jp,2810 Northland Road,Březová nad Svitavou,
614,Jaye,Wiburn,jwiburnh1@princeton.edu,29513 Rowland Terrace,Tabinay,
615,Chadwick,Volcker,cvolckerh2@twitter.com,838 Carey Junction,Hanghuadian,
616,Ella,De Bruyn,edebruynh3@baidu.com,25176 Ramsey Point,Dolní Čermná,
617,Merrill,Strafford,mstraffordh4@bigcartel.com,3198 Toban Junction,Tân Trụ,
618,Henrieta,Pizer,hpizerh5@wikipedia.org,27 Corben Center,Kladno,
619,Winnifred,Fishleigh,wfishleighh6@hp.com,4 Jackson Alley,Checca,
620,Raimund,Cristofori,rcristoforih7@dmoz.org,8489 Fordem Avenue,Doro Oo,
621,Dalia,Clemmen,dclemmenh8@ustream.tv,881 Logan Place,Talghar,
622,Lorilee,Bumphrey,lbumphreyh9@businesswire.com,7595 Quincy Way,Chiquinquirá,
623,Yardley,Manueli,ymanueliha@telegraph.co.uk,91436 Fairview Street,Puyehue,
624,Sybilla,Rikkard,srikkardhb@simplemachines.org,9471 Schiller Avenue,Montpellier,A9
625,Henriette,Macourek,hmacourekhc@army.mil,2244 Everett Alley,Leigao,
626,Lorri,Amys,lamyshd@umich.edu,7 Hooker Trail,Gorey,
627,Ezechiel,Gillings,egillingshe@smugmug.com,3949 Cambridge Plaza,Ivot,
628,Martyn,Hullbrook,mhullbrookhf@ucoz.ru,81 Eggendart Court,Shangfang,
629,Arleyne,Challin,achallinhg@nba.com,30 International Trail,Meniko,
630,Davine,Laven,dlavenhh@boston.com,2408 Cottonwood Hill,Macarse,
631,Gerrard,Macek,gmacekhi@miibeian.gov.cn,3 Donald Trail,Zushi,
632,Rory,Luff,rluffhj@house.gov,7 Swallow Lane,Louriceira,14
633,Jamal,Bolland,jbollandhk@nifty.com,526 Ridgeway Drive,Taunan,
634,Lilah,Dedmam,ldedmamhl@usgs.gov,557 Northwestern Trail,Michałów-Reginów,
635,Arabella,Kruse,akrusehm@free.fr,224 Manley Drive,La Plata,
636,Glenn,Yurkiewicz,gyurkiewiczhn@skype.com,347 Mcbride Crossing,Bauan,
637,Hillier,Willett,hwillettho@nifty.com,21359 Arrowood Circle,Iiyama,
638,Claudio,Judge,cjudgehp@lycos.com,0352 Talisman Hill,An Châu,
639,Nickolaus,Towell,ntowellhq@flickr.com,17412 Del Mar Street,Osiek,
640,Rene,Michin,rmichinhr@last.fm,125 Old Gate Way,Gongchenqiao,
641,Silvan,Ortner,sortnerhs@blogspot.com,839 Anthes Junction,Sūq Sibāḩ,
642,Devonna,Baty,dbatyht@boston.com,7406 Londonderry Hill,Glamang,
643,Jarvis,Tootal,jtootalhu@pen.io,7605 Northridge Park,Colesberg,
644,Ellie,McGreay,emcgreayhv@squarespace.com,62062 Linden Lane,Rimus,
645,Giovanna,Stillman,gstillmanhw@yellowbook.com,21 Valley Edge Point,Limeira,
646,Beauregard,Eickhoff,beickhoffhx@yandex.ru,1848 Sunnyside Alley,Reims,A4
647,Shana,Bruford,sbrufordhy@posterous.com,53861 Di Loreto Parkway,Corzuela,
648,Francyne,Byram,fbyramhz@constantcontact.com,9804 Reindahl Parkway,Gorzyce,
649,Hamlin,Whitcomb,hwhitcombi0@php.net,7967 Walton Court,Castelsarrasin,B3
650,Timoteo,Mixer,tmixeri1@pcworld.com,713 Bluejay Park,Huilelot,
651,Nelia,Folkes,nfolkesi2@umich.edu,0 Sachs Drive,San Marcos,
652,Ludvig,Onraet,lonraeti3@tamu.edu,62 Hallows Lane,San Roque,
653,Clemens,Wass,cwassi4@dailymotion.com,191 Maple Park,Shedok,
654,Magda,Buey,mbueyi5@upenn.edu,77279 Goodland Park,Shreveport,LA
655,Chiquia,Poundsford,cpoundsfordi6@about.me,58365 Tennyson Circle,Šardice,
656,Ody,Peattie,opeattiei7@storify.com,46 Packers Point,Perlez,
657,Gypsy,Cobden,gcobdeni8@msu.edu,48735 Parkside Drive,Xiaoshanzi,
658,Novelia,Simon,nsimoni9@uol.com.br,258 Jenifer Court,Carregado,11
659,Susana,Grelik,sgrelikia@cpanel.net,093 Farwell Drive,Fazhan,
660,Culver,Le Bosse,clebosseib@jalbum.net,5871 Thackeray Plaza,San Marcos,
661,Nancey,Rawlinson,nrawlinsonic@e-recht24.de,65 West Lane,Surkhakhi,
662,Lindsy,Bruna,lbrunaid@cnet.com,535 Express Lane,Uppsala,C
663,Nani,Louedey,nlouedeyie@skyrock.com,1 Pearson Junction,Malino,
664,Allsun,Duckworth,aduckworthif@chicagotribune.com,14563 Sugar Street,Yanzhao,
665,Jody,Alison,jalisonig@epa.gov,0 Merrick Alley,Xincun,
666,Adriana,Caret,acaretih@examiner.com,5 Farwell Park,Sredno Konjare,
667,Dirk,Hawley,dhawleyii@constantcontact.com,71 Linden Court,Pueblo Nuevo,
668,Janka,Dimelow,jdimelowij@ezinearticles.com,06 Shopko Parkway,Chyżne,
669,Janet,Tureville,jturevilleik@ucoz.ru,37 Grover Park,Morcellemont Saint André,
670,Gawain,Beagin,gbeaginil@soup.io,22 Duke Park,Quiñota,
671,Meris,Connochie,mconnochieim@alibaba.com,772 Coleman Hill,Mortka,
672,Earlie,Ravenscroftt,eravenscrofttin@sohu.com,9 Becker Pass,Soasio,
673,Em,Astles,eastlesio@bigcartel.com,68 Texas Center,Munduk,
674,Brade,Iacivelli,biacivelliip@unicef.org,018 Miller Pass,Gurupi,
675,Darrel,Bruniges,dbrunigesiq@sphinn.com,6746 Goodland Terrace,La Caleta Culebras,
676,Faith,Nuscha,fnuschair@issuu.com,478 Katie Center,Wuyao,
677,Annelise,Lydster,alydsteris@canalblog.com,5 Sheridan Way,Pieksämäki,
678,Munmro,Broadberrie,mbroadberrieit@dion.ne.jp,32150 Mariners Cove Drive,Xiaojin,
679,Ian,Lazer,ilazeriu@wordpress.org,54 Brown Place,Savannah,GA
680,Tabbie,Lowton,tlowtoniv@slashdot.org,86678 Lighthouse Bay Plaza,Xiaojinkou,
681,Margalit,Jopke,mjopkeiw@unc.edu,37 Barby Way,Eirol,1
682,Hobart,Gallico,hgallicoix@amazon.com,68 Welch Hill,Puerto Rico,
683,Jeri,Mucklestone,jmucklestoneiy@ow.ly,93100 Jackson Street,Plavy,
684,Janek,Andriulis,jandriulisiz@dot.gov,424 Grover Crossing,Santa Cruz,
685,Perri,Badland,pbadlandj0@cmu.edu,2598 Gina Parkway,Gunungmalang Satu,
686,Trix,Boler,tbolerj1@plala.or.jp,36434 Larry Court,Turanj,
687,Boyce,Oxtarby,boxtarbyj2@yellowbook.com,720 Del Sol Crossing,Villanueva,
688,Sayre,Ventam,sventamj3@typepad.com,1904 Green Ridge Way,Borgo Maggiore,
689,Rudolfo,Fearenside,rfearensidej4@arizona.edu,35 Burning Wood Crossing,San Pedro Carchá,
690,Gert,Edgin,gedginj5@wp.com,148 Melody Crossing,Al Jīb,
691,Selle,Marzello,smarzelloj6@tripod.com,5 Anniversary Avenue,Omsukchan,
692,Briant,Cudworth,bcudworthj7@shareasale.com,90 Roxbury Parkway,Huaguoshan,
693,Pearla,Reason,preasonj8@php.net,9106 Delaware Hill,Celorico de Basto,3
694,Thayne,Pitcaithley,tpitcaithleyj9@g.co,5233 Monument Trail,Chełm,
695,Sib,Showl,sshowlja@php.net,81125 Kenwood Parkway,Fonte da Aldeia,4
696,Shayna,Wildes,swildesjb@bing.com,8 Old Shore Point,Buur Gaabo,
697,Holly,Dadds,hdaddsjc@shutterfly.com,201 Caliangt Pass,Chinju,
698,Natalina,Kretschmer,nkretschmerjd@smugmug.com,5 Carpenter Junction,Mataigou,
699,Yance,Haps,yhapsje@jalbum.net,9 Harbort Terrace,Avignon,B8
700,Gwynne,O'Hegertie,gohegertiejf@cisco.com,642 Pleasure Center,Longbo,
701,Christina,Lissemore,clissemorejg@miitbeian.gov.cn,0575 Kingsford Road,Sobreda,15
702,Roselle,Meriton,rmeritonjh@google.ca,6721 Del Sol Junction,Metallostroy,
703,Lazare,Leonida,lleonidaji@gizmodo.com,9 Tomscot Center,Magallanes,
704,Sosanna,Tabour,stabourjj@sourceforge.net,85489 Mcbride Park,Babiak,
705,Shaylynn,Finnis,sfinnisjk@booking.com,1948 Mallory Center,Moriyama,
706,Buck,Gath,bgathjl@people.com.cn,5 Donald Park,Stara Błotnica,
707,Karlee,Withams,kwithamsjm@slate.com,17 Shasta Court,Tampa,FL
708,Vonny,Childerhouse,vchilderhousejn@blinklist.com,96 Gale Avenue,Markaz-e Ḩukūmat-e Darwēshān,
709,Ray,Lipp,rlippjo@dmoz.org,604 Old Shore Junction,Pizarro,
710,Marco,Byart,mbyartjp@tuttocitta.it,276 Pond Hill,Cayang,
711,Dorian,Ibell,dibelljq@samsung.com,782 Pankratz Way,Heshan,
712,Guillema,Spare,gsparejr@moonfruit.com,642 Hollow Ridge Terrace,Babakanbungur,
713,Carleen,Watkiss,cwatkissjs@msu.edu,0447 Dawn Way,Uba,
714,Violetta,Fessier,vfessierjt@columbia.edu,73278 Di Loreto Alley,Changliu,
715,Sydelle,Tunnicliff,stunnicliffju@yahoo.co.jp,08089 Village Green Circle,Baborów,
716,Dulcine,Meller,dmellerjv@google.it,6062 Village Green Place,Saurama,
717,Cairistiona,Forsard,cforsardjw@wp.com,5485 Clemons Hill,Lühua,
718,Miran,Mintoff,mmintoffjx@dyndns.org,1 Luster Crossing,Al Qamşīyah,
719,Ciro,Growcott,cgrowcottjy@nbcnews.com,257 Waywood Pass,Coihaique,
720,Jeralee,Harrod,jharrodjz@wunderground.com,644 Oxford Street,Valencia,VC
721,Minni,Maeer,mmaeerk0@virginia.edu,8789 Daystar Parkway,Matala,
722,Bartlet,Plester,bplesterk1@reddit.com,30 Monument Street,Las Toscas,
723,Dorise,MacTrustam,dmactrustamk2@disqus.com,3 Bashford Point,Dieppe,A7
724,Hetty,Siuda,hsiudak3@google.es,83 Waywood Trail,Shah Alam,SGR
725,Kiel,Beddie,kbeddiek4@cbsnews.com,06 Armistice Center,Älvsjö,AB
726,Belle,Stuchbury,bstuchburyk5@altervista.org,17 Superior Trail,Kolsko,
727,Gennifer,Rohfsen,grohfsenk6@china.com.cn,7303 Ridgeway Court,Qiandong,
728,Sheila,Udden,suddenk7@exblog.jp,62995 Stephen Plaza,Prainha de Baixo,46
729,Claiborne,MacQueen,cmacqueenk8@deliciousdays.com,0270 Cherokee Place,Napak,
730,Delly,Mawer,dmawerk9@github.com,498 Cascade Park,Guangfu,
731,Deena,Rix,drixka@virginia.edu,725 Washington Alley,Xinglongchang,
732,Pattie,Mousby,pmousbykb@upenn.edu,38 Bonner Crossing,Ḑawrān ad Daydah,
733,Raf,Tittershill,rtittershillkc@etsy.com,106 Boyd Road,Vallehermoso,
734,Shelley,Caughan,scaughankd@prlog.org,058 Sage Junction,Non Narai,
735,Xerxes,Ranald,xranaldke@boston.com,5 Gerald Street,Bilhó,17
736,Carlee,Capenor,ccapenorkf@netscape.com,59 Dawn Trail,Belén de Umbría,
737,Marge,Hucker,mhuckerkg@shareasale.com,4 West Point,Çobansığnaq,
738,Arri,Aldrin,aaldrinkh@vistaprint.com,8113 Maple Wood Avenue,Xunqiao,
739,Titos,Dowd,tdowdki@apple.com,07 Stang Trail,Raleigh,NC
740,Caldwell,Beardow,cbeardowkj@home.pl,723 7th Crossing,Ấp Tân Ngãi,
741,Abdel,Giannassi,agiannassikk@netvibes.com,408 Grim Crossing,Zhuji,
742,Geneva,Crozier,gcrozierkl@washingtonpost.com,03784 Coleman Drive,Jiuxian,
743,Eugenie,Meale,emealekm@engadget.com,30490 Northridge Center,Thorold,ON
744,Natty,Antuk,nantukkn@example.com,4 4th Way,Terneuzen,10
745,Leland,Sinncock,lsinncockko@facebook.com,14095 Raven Parkway,Ungsang,
746,Burnard,Markwick,bmarkwickkp@adobe.com,89949 Corscot Lane,Fao Rai,
747,Maximilian,Gethings,mgethingskq@fc2.com,55 Alpine Place,Saint-Rémi,QC
748,Sharai,Folli,sfollikr@unc.edu,6 Dunning Crossing,Anibare,
749,Brandon,Cowlas,bcowlasks@vk.com,61 Hoard Street,San Pedro,
750,Lorita,Celloni,lcellonikt@chicagotribune.com,03575 Hazelcrest Parkway,Seixal,15
751,Vernen,Rumming,vrummingku@t-online.de,56880 Miller Circle,Västra Frölunda,O
752,Allyn,Pavier,apavierkv@cbslocal.com,52854 Lighthouse Bay Hill,Shamakhi,
753,Chauncey,Tixall,ctixallkw@simplemachines.org,26 Sundown Way,Krajan Tegalombo,
754,Brandie,Gibben,bgibbenkx@archive.org,390 Independence Road,Niquinohomo,
755,Donica,Extance,dextanceky@cbsnews.com,86 Bartelt Terrace,Pasar,
756,Zita,Chark,zcharkkz@nytimes.com,2773 Buell Drive,Banjar Swastika,
757,Josselyn,Mackness,jmacknessl0@github.io,070 Buena Vista Way,Hedi,
758,Whittaker,Loveard,wloveardl1@hatena.ne.jp,174 Shopko Way,Xagqu,
759,Guillema,Itzkovwitch,gitzkovwitchl2@gravatar.com,00785 Dunning Hill,Lendan,
760,Bertina,Wheelband,bwheelbandl3@senate.gov,1562 Toban Place,Nusaherang,
761,Karena,Jacqueme,kjacquemel4@i2i.jp,4 Anhalt Parkway,Zborište,
762,Kirbie,Avrasin,kavrasinl5@about.com,7164 American Center,Aoqiao,
763,Erna,Gentil,egentill6@ucla.edu,927 Roth Drive,Hénin-Beaumont,B4
764,Annelise,Hubeaux,ahubeauxl7@blogs.com,52133 Warbler Drive,Santa Cruz,MEX
765,Debera,Musker,dmuskerl8@digg.com,03150 Pennsylvania Terrace,Bimbo,
766,Nanette,Elloit,nelloitl9@adobe.com,587 Marquette Park,Arnhem,3
767,Merrel,Evill,mevillla@diigo.com,620 Main Plaza,Sinarharapan,
768,Cissy,Annand,cannandlb@google.com,7 Burning Wood Road,Prudentópolis,
769,Andriana,Botham,abothamlc@patch.com,2 3rd Park,Xiaping,
770,Breena,Oldnall,boldnallld@bizjournals.com,4 Judy Plaza,Richmond,VA
771,Job,Stoll,jstollle@wordpress.com,870 Carey Lane,Nakhon Chai Si,
772,Letitia,Pennini,lpenninilf@bravesites.com,949 Charing Cross Drive,Morohongō,
773,Annadiana,Rickhuss,arickhusslg@topsy.com,12 Monument Parkway,Bocaiúva,
774,Aigneis,Larimer,alarimerlh@nifty.com,28 Pond Crossing,Stamáta,
775,Lizbeth,Stair,lstairli@usatoday.com,830 Fordem Park,Iksha,
776,Marga,Idell,midelllj@washington.edu,8 Twin Pines Point,Pátmos,
777,Tabbatha,Bettam,tbettamlk@fastcompany.com,6 Ryan Lane,Gar,
778,Roselia,Prati,rpratill@cnn.com,7 Hudson Court,Amgalang,
779,Towny,Face,tfacelm@flickr.com,8586 Springview Court,Muff,
780,Reggie,Gawler,rgawlerln@opensource.org,72 Dorton Lane,Yuto,
781,Kennedy,Nipper,knipperlo@youtube.com,86807 Mallard Lane,Pambuhan,
782,Ariella,Worms,awormslp@vk.com,05742 West Park,Al Ghandūrah,
783,Fabio,Keener,fkeenerlq@pagesperso-orange.fr,1099 Miller Center,Mehtar Lām,
784,Skipp,Halloran,shalloranlr@state.gov,2236 Beilfuss Crossing,Jinshan,
785,Cristin,McNea,cmcneals@fc2.com,3291 Cottonwood Terrace,Langsa,
786,Saundra,Dowtry,sdowtrylt@cam.ac.uk,82 Sunbrook Junction,Stockholm,AB
787,Blair,Hartin,bhartinlu@google.co.jp,11 Myrtle Drive,Had Kourt,
788,George,Coneybeare,gconeybearelv@naver.com,2608 Hayes Center,Nioro du Rip,
789,Ara,Burren,aburrenlw@webs.com,03 Esch Crossing,Gennevilliers,A8
790,Robbin,Pinnock,rpinnocklx@japanpost.jp,0 Hovde Way,Talshand,
791,Jannel,Pithcock,jpithcockly@delicious.com,5 Donald Avenue,Hluboká nad Vltavou,
792,Flori,Lefeaver,flefeaverlz@vk.com,8 Arapahoe Drive,Anuradhapura,
793,Cobbie,McKernon,cmckernonm0@facebook.com,645 Spohn Park,Issy-les-Moulineaux,A8
794,Marylinda,Wilkie,mwilkiem1@seesaa.net,47 Eliot Trail,Denver,CO
795,Selinda,Hounsom,shounsomm2@weibo.com,89 Sycamore Center,Danderyd,AB
796,Abraham,Skahill,askahillm3@studiopress.com,3 Canary Plaza,Carlos Tejedor,
797,Tessa,Masser,tmasserm4@hostgator.com,88089 North Circle,Lộc Bình,
798,Fraser,Quilligan,fquilliganm5@bing.com,4600 Alpine Park,Cedar Rapids,IA
799,Inglis,Cosley,icosleym6@forbes.com,093 Lakewood Gardens Terrace,Varaždin,
800,Nicholle,Cornell,ncornellm7@slate.com,0897 Clarendon Place,Kajan,
801,Kristoforo,Flisher,kflisherm8@usatoday.com,85935 Lotheville Center,Maiduguri,
802,Thurston,Levett,tlevettm9@edublogs.org,91 Towne Parkway,A Yun Pa,
803,Billy,Caroli,bcarolima@ustream.tv,90 Corry Avenue,Mtsamdou,
804,Janis,Tybalt,jtybaltmb@cbslocal.com,81024 Westerfield Center,Marechal Deodoro,
805,Susi,Ortega,sortegamc@phoca.cz,8 Anthes Circle,Berlin,BE
806,Polly,Haslehurst,phaslehurstmd@home.pl,03 Graedel Park,Pont-Audemer,A7
807,Lucio,Heningam,lheningamme@nba.com,9686 Mallory Crossing,Skoghall,S
808,Sergei,Rebbeck,srebbeckmf@barnesandnoble.com,16 Anthes Crossing,Ueda,
809,Daniella,Beric,dbericmg@unc.edu,1497 Westend Road,Kon Tum,
810,Dukey,Conner,dconnermh@yolasite.com,65 Fairview Road,Balinad,
811,Mildred,Tomankiewicz,mtomankiewiczmi@discuz.net,75823 Florence Plaza,Złoty Stok,
812,Gabbi,Elgram,gelgrammj@163.com,39987 5th Street,Enjiang,
813,Romona,Tunbridge,rtunbridgemk@who.int,697 Nelson Drive,Kayar,
814,Berte,Zannolli,bzannolliml@aol.com,1816 Jenifer Hill,Seattle,WA
815,Reeta,Wills,rwillsmm@freewebs.com,0 Nelson Street,Glinojeck,
816,Helaine,Leile,hleilemn@auda.org.au,5548 Ryan Park,Yuxi,
817,Ariel,Biffen,abiffenmo@hhs.gov,1094 Morningstar Circle,Qiping,
818,Lucine,Newband,lnewbandmp@livejournal.com,795 Maple Parkway,Lameiras,11
819,Evyn,Ozintsev,eozintsevmq@soundcloud.com,19 Mendota Court,Sumberagung,
820,Terence,Benazet,tbenazetmr@msn.com,33 Porter Park,Sanrao,
821,Julia,Leeder,jleederms@nba.com,76965 Pierstorff Place,Nawābganj,
822,Tommie,Bertwistle,tbertwistlemt@squidoo.com,535 Northview Plaza,Calvão,1
823,Electra,Barth,ebarthmu@sbwire.com,84511 Del Mar Drive,Batumi,
824,Frazier,Di Batista,fdibatistamv@bandcamp.com,869 Rigney Avenue,Tuusula,
825,Adella,McLanachan,amclanachanmw@un.org,09196 Monterey Lane,Nyimba,
826,Ashlin,Holbury,aholburymx@yelp.com,0 Sage Drive,Samal,
827,Tomasina,Chafer,tchafermy@issuu.com,9 Forest Drive,Sap Yai,
828,Rania,Rockhall,rrockhallmz@discuz.net,95 Anthes Terrace,Pathum Thani,
829,Carine,Heditch,cheditchn0@rambler.ru,47098 Holy Cross Pass,Springfield,IL
830,Kurt,Meuse,kmeusen1@usa.gov,88109 Blue Bill Park Crossing,Klenje,
831,Glen,Willshaw,gwillshawn2@barnesandnoble.com,03982 Lerdahl Avenue,Simabur,
832,Maryrose,Rabley,mrableyn3@oaic.gov.au,4 Butternut Street,Munde,
833,Lucho,Churchouse,lchurchousen4@skype.com,85074 Namekagon Terrace,El Cantón,
834,Ileane,Collick,icollickn5@hc360.com,20034 Cascade Court,Khlong Yai,
835,Therine,MacCarlich,tmaccarlichn6@biblegateway.com,05 Little Fleur Terrace,Sumbergebang,
836,Alphonso,Warlaw,awarlawn7@ca.gov,005 Stang Parkway,Jiantou,
837,Jessica,Goodwill,jgoodwilln8@google.es,58285 Banding Parkway,Mababanaba,
838,Abagail,Easun,aeasunn9@liveinternet.ru,8852 Alpine Avenue,Borik,
839,Killian,Jocic,kjocicna@seesaa.net,22 Waywood Terrace,Dhamār,
840,Raffaello,Esparza,resparzanb@oaic.gov.au,26672 Parkside Way,Alzamay,
841,Pearle,Fansy,pfansync@gov.uk,5 Dunning Junction,Thạnh Hóa,
842,Jamie,Walaron,jwalaronnd@howstuffworks.com,768 Debra Pass,Pa Kham,
843,Conrade,Geertje,cgeertjene@ow.ly,7 Bayside Parkway,Novosin’kovo,
844,Galvan,Kures,gkuresnf@tinypic.com,2253 Sullivan Drive,Záhorovice,
845,Eba,Leader,eleaderng@amazon.com,12022 David Point,Skibbereen,
846,Pierre,Bridges,pbridgesnh@reuters.com,04 Banding Court,Texíguat,
847,Marabel,Youle,myouleni@weather.com,8435 Manitowish Terrace,Kukuluk,
848,Del,Kelner,dkelnernj@hexun.com,458 Ryan Parkway,Boychinovtsi,
849,Clementine,Gotts,cgottsnk@techcrunch.com,0 Londonderry Street,Powassan,ON
850,Murdock,Cattonnet,mcattonnetnl@sun.com,78 Coleman Park,Karara,
851,Ashby,Mallison,amallisonnm@nbcnews.com,68 Northview Circle,Otok,
852,Joseito,Farnes,jfarnesnn@php.net,7 Brown Circle,Ognevka,
853,Nickola,Bearsmore,nbearsmoreno@umn.edu,9070 Meadow Vale Trail,San Miguel,
854,Egor,Larcier,elarciernp@nasa.gov,935 Blue Bill Park Avenue,Luci,
855,Viviana,Barthrop,vbarthropnq@dmoz.org,9187 Main Street,Sukadana,
856,Tiena,Stern,tsternnr@apple.com,34719 Paget Circle,Huilong,
857,Guthrey,Minnis,gminnisns@tamu.edu,06 Summer Ridge Park,Juwana,
858,Lock,Norquoy,lnorquoynt@earthlink.net,557 Miller Drive,Lishu,
859,Ezekiel,Wadlow,ewadlownu@quantcast.com,65679 Mosinee Crossing,Laylay,
860,Raddie,Benninck,rbennincknv@comcast.net,5 Becker Avenue,La Guacamaya,
861,Zerk,Haton,zhatonnw@irs.gov,59987 Straubel Crossing,Požarevac,
862,Elwood,Wallis,ewallisnx@psu.edu,22416 Londonderry Terrace,Donostia-San Sebastian,PV
863,Jameson,McMillam,jmcmillamny@parallels.com,4036 Jay Point,Salanegara,
864,Marlon,Ghilardi,mghilardinz@wikimedia.org,21076 Ronald Regan Circle,Sopo,
865,Breena,Hutchin,bhutchino0@mac.com,67093 Superior Street,Yabluniv,
866,Nanon,Auton,nautono1@posterous.com,47 Vidon Park,Igcocolo,
867,Zsazsa,Mantle,zmantleo2@elegantthemes.com,274 Nancy Terrace,Sozopol,
868,Whittaker,O'Siaghail,wosiaghailo3@google.nl,051 Lakewood Lane,Conima,
869,Adolph,Brogan,abrogano4@etsy.com,5202 Northland Lane,Palaran,
870,Cissiee,Moorwood,cmoorwoodo5@domainmarket.com,7084 Judy Drive,Staffanstorp,M
871,Annmaria,Pantridge,apantridgeo6@huffingtonpost.com,13 Monica Park,Pompéu,
872,Gavra,Pygott,gpygotto7@unc.edu,374 Susan Avenue,Shifo,
873,Jordan,Brisseau,jbrisseauo8@scientificamerican.com,9 Grayhawk Lane,Sungai Nyamuk,
874,Gisele,Cossom,gcossomo9@comcast.net,7 Springs Lane,Palcamayo,
875,Hamel,Korpolak,hkorpolakoa@altervista.org,6853 Shoshone Trail,Oslo,3
876,Xenos,Thieme,xthiemeob@biglobe.ne.jp,21972 Declaration Circle,Jingnao,
877,Cash,Phil,cphiloc@macromedia.com,1059 Barby Parkway,Muḩradah,
878,Jonah,Bonnefin,jbonnefinod@parallels.com,92 Browning Pass,Evansville,IN
879,Morgan,Daniellot,mdaniellotoe@aboutads.info,01551 Raven Terrace,Gading,
880,Cob,Dobbyn,cdobbynof@statcounter.com,4598 Monterey Circle,Inazawa,
881,Roda,Morrall,rmorrallog@behance.net,58412 Montana Court,Yaguaraparo,
882,Dell,Crighton,dcrightonoh@imdb.com,88145 Bobwhite Court,Enewetak,
883,Jodi,Chesshyre,jchesshyreoi@squarespace.com,2353 Coleman Hill,Nässjö,F
884,Goldy,Mungan,gmunganoj@posterous.com,023 Duke Terrace,Central,
885,Lane,Marousek,lmarousekok@pen.io,7143 Dorton Trail,Svetlyy,
886,Leeann,Trundler,ltrundlerol@diigo.com,78237 Schmedeman Point,Stockholm,AB
887,Feliks,Tzuker,ftzukerom@skype.com,6285 Pepper Wood Point,Chemnitz,SN
888,Violante,Stears,vstearson@foxnews.com,68910 Kropf Terrace,Lokavec,
889,Vic,Vasyunin,vvasyuninoo@51.la,38 Shopko Parkway,Ancenis,B5
890,Katherine,Usmar,kusmarop@geocities.jp,7 Forest Pass,Dubki,
891,Kitty,Ratlee,kratleeoq@mozilla.com,7129 Crownhardt Circle,Hangji,
892,Clare,Puttan,cputtanor@wikimedia.org,69 Summerview Street,Hägersten,AB
893,Jessee,Rumbellow,jrumbellowos@narod.ru,7 Pond Terrace,Xijiao,
894,Ingaberg,Rose,iroseot@squarespace.com,0 Havey Terrace,Umanggudang,
895,Blakelee,Fielders,bfieldersou@theguardian.com,287 Main Point,Králův Dvůr,
896,Gustavo,Wilkie,gwilkieov@histats.com,8712 Dixon Terrace,Verkhozim,
897,Fabe,Aberdalgy,faberdalgyow@amazon.co.uk,0 Red Cloud Circle,Töreboda,O
898,Tabbitha,Manssuer,tmanssuerox@cocolog-nifty.com,6 Iowa Alley,San Salvador,
899,Kaiser,Killingworth,kkillingworthoy@businessweek.com,335 Granby Avenue,Cikupa,
900,Belva,Winterton,bwintertonoz@marketwatch.com,528 Transport Crossing,Midland,TX
901,Sidoney,Bodleigh,sbodleighp0@sina.com.cn,1 Walton Crossing,Nykvarn,AB
902,Baxy,Margerison,bmargerisonp1@clickbank.net,404 Butternut Way,Cibinong,
903,Selle,Malloch,smallochp2@upenn.edu,827 Dennis Plaza,Washington,DC
904,Kristopher,Esplin,kesplinp3@nationalgeographic.com,37 Portage Place,Serowe,
905,Jonas,Cleave,jcleavep4@house.gov,1110 Granby Point,Tanghua,
906,Maurine,Heibl,mheiblp5@bizjournals.com,996 Sloan Junction,Göteborg,O
907,Zarah,Schankelborg,zschankelborgp6@virginia.edu,8548 Lakewood Plaza,Habiganj,
908,Bertrando,Phear,bphearp7@vinaora.com,6 Portage Point,Palaió Fáliro,
909,Percy,Casiroli,pcasirolip8@va.gov,15 Scoville Court,Castlemartyr,
910,Rose,Parmer,rparmerp9@cargocollective.com,38 Boyd Hill,Moycullen,
911,Felice,Lavelle,flavellepa@mysql.com,63 Kingsford Street,Atlanta,GA
912,Thia,Adger,tadgerpb@istockphoto.com,2325 Bellgrove Plaza,Buda-Kashalyova,
913,Aldric,Clutton,acluttonpc@ow.ly,72 Trailsway Center,Abaeté,
914,Aron,Durrant,adurrantpd@cam.ac.uk,72102 Stone Corner Circle,Komatsushimachō,
915,Chilton,Conradsen,cconradsenpe@sina.com.cn,1 Village Green Plaza,Nürnberg,BY
916,Dulcine,Hackelton,dhackeltonpf@ezinearticles.com,4432 Old Gate Point,Lisieux,99
917,Sal,Sturmey,ssturmeypg@ftc.gov,9745 Moulton Street,Lubenec,
918,Janenna,Bursnoll,jbursnollph@cyberchimps.com,06897 Ilene Crossing,Gunungsari,
919,Rowe,Volk,rvolkpi@twitter.com,87145 Weeping Birch Road,Granada,
920,Bert,Bartolijn,bbartolijnpj@loc.gov,91 Waubesa Crossing,Pulopaya,
921,Rabi,Alexander,ralexanderpk@howstuffworks.com,7 Cardinal Street,Guilin,
922,Tabbie,Danskine,tdanskinepl@sakura.ne.jp,7665 Tomscot Parkway,Kadubincarung,
923,Phebe,Lisciardelli,plisciardellipm@cdbaby.com,35 Spenser Avenue,Matanza,
924,Diahann,Petrak,dpetrakpn@furl.net,43153 Sachtjen Street,Yāsūf,
925,Pet,Macveigh,pmacveighpo@whitehouse.gov,821 Merrick Parkway,Bucu Kidul,
926,Bertie,Southeran,bsoutheranpp@acquirethisname.com,717 Stuart Park,Aku,
927,Moira,Mainston,mmainstonpq@privacy.gov.au,9 Blackbird Junction,Zheng’an,
928,Warren,Eslemont,weslemontpr@skyrock.com,70 Luster Drive,Tianhu,
929,Kimberlee,Heakins,kheakinsps@quantcast.com,744 South Terrace,Pilcaniyeu,
930,Jessamyn,Flegg,jfleggpt@wikipedia.org,7358 Merchant Junction,Golek,
931,Hamel,Ballay,hballaypu@mail.ru,84388 Coleman Court,Forquilhinha,
932,Humberto,Eversfield,heversfieldpv@blogs.com,69 Iowa Junction,Luau,
933,Deva,Bullas,dbullaspw@cmu.edu,89842 Buell Court,Omigawa,
934,Eberhard,Duding,edudingpx@wikimedia.org,79596 Valley Edge Trail,Maleevsk,
935,Helen,Naisbet,hnaisbetpy@boston.com,125 Hermina Drive,General Pico,
936,Duane,Iorillo,diorillopz@hp.com,9027 Hoard Court,Dingchang,
937,Ossie,Sellars,osellarsq0@xinhuanet.com,3 2nd Court,Sidomulyo,
938,Mariejeanne,Spyer,mspyerq1@sfgate.com,285 Charing Cross Lane,Ocaña,
939,Yanaton,Janisson,yjanissonq2@storify.com,216 Corry Avenue,Hampang,
940,Cynthie,McMoyer,cmcmoyerq3@purevolume.com,0 Reinke Court,Lysá nad Labem,
941,Wilbur,Long,wlongq4@csmonitor.com,33 Hoepker Hill,Manga,
942,Rustin,Banaszkiewicz,rbanaszkiewiczq5@wikia.com,1315 Farwell Circle,Aanislag,
943,Gerry,Liebmann,gliebmannq6@bbc.co.uk,0499 Briar Crest Hill,Fulu,
944,Tadd,Comport,tcomportq7@webs.com,61 Garrison Pass,Bethlehem,PA
945,Towny,Ettery,tetteryq8@soup.io,479 Alpine Center,Shtip,
946,Erda,Drains,edrainsq9@wiley.com,807 New Castle Plaza,Fryčovice,
947,Sheilakathryn,Illing,sillingqa@wired.com,82 Ramsey Road,Tashkent,
948,Babs,Nice,bniceqb@mlb.com,33 Pawling Terrace,Kalpin,
949,Rita,Dreossi,rdreossiqc@google.pl,6 Lakeland Place,Yashio-shi,
950,Stevy,Tukely,stukelyqd@prlog.org,6 4th Point,Dumaguil,
951,Reagen,Geertz,rgeertzqe@ovh.net,06 Waxwing Terrace,Pingyi,
952,Sibbie,Toleman,stolemanqf@digg.com,4 Elmside Place,Huaqiao,
953,Cosmo,Koubek,ckoubekqg@wsj.com,89709 Paget Road,Zougang,
954,Pip,Jenkins,pjenkinsqh@bizjournals.com,9 Iowa Court,Shangdian,
955,Zane,Pembery,zpemberyqi@ycombinator.com,5 Meadow Valley Park,Fílla,
956,Doll,Parvin,dparvinqj@reference.com,3 Summit Hill,Huaizhong,
957,Raquel,Fourcade,rfourcadeqk@bbb.org,11 Westridge Road,Mitrópoli,
958,Hercules,Sudell,hsudellql@photobucket.com,7946 Victoria Point,Zubin Potok,
959,Basile,Columbine,bcolumbineqm@360.cn,84 Graedel Place,Shimen,
960,Augustina,Schuh,aschuhqn@g.co,8 Sunnyside Park,Bulan,
961,Teena,Crowdy,tcrowdyqo@t.co,9 Bay Alley,At Samat,
962,Bryn,Cullabine,bcullabineqp@kickstarter.com,83 Upham Plaza,Gonghe,
963,Fern,Vaudre,fvaudreqq@qq.com,51877 Hoard Parkway,Mojorembun,
964,Jennine,Ferriman,jferrimanqr@360.cn,07 Eliot Road,Coayllo,
965,Marwin,Racher,mracherqs@mapquest.com,0 Ridgeway Hill,Iracemápolis,
966,Aeriell,Slessar,aslessarqt@ameblo.jp,3086 Knutson Court,Beaung Tengah,
967,Reena,Scammonden,rscammondenqu@jimdo.com,55194 Lakewood Junction,Škofljica,
968,Alford,Westmarland,awestmarlandqv@biblegateway.com,813 Bashford Drive,Songmuping,
969,Poppy,Hallows,phallowsqw@skyrock.com,236 Granby Place,Ketangi,
970,Madelaine,Newcombe,mnewcombeqx@si.edu,623 Waywood Circle,Bolinao,
971,Darby,Binnes,dbinnesqy@ft.com,6412 Golden Leaf Park,Ekazhevo,
972,Kerrin,Lages,klagesqz@vk.com,04235 Arapahoe Court,Lipsko,
973,Nicko,Penas,npenasr0@webmd.com,15 Heath Street,Litvínov,
974,Gerik,Itzkovsky,gitzkovskyr1@twitter.com,2381 Mockingbird Avenue,Longba,
975,Marj,Wheatman,mwheatmanr2@google.com,23754 Susan Parkway,Calauag,
976,Paten,Junkinson,pjunkinsonr3@nba.com,3106 Brickson Park Parkway,Dartang,
977,Almeta,Arrington,aarringtonr4@abc.net.au,594 Carpenter Point,Tuupovaara,
978,Toma,Daviot,tdaviotr5@globo.com,92529 Jackson Avenue,Buluangan,
979,Ingeberg,McPhelim,imcphelimr6@seattletimes.com,20979 Derek Alley,Dhī Nā‘im,
980,Claudine,Malcher,cmalcherr7@businessweek.com,92708 Mcbride Court,Hadabei,
981,Cindra,Alty,caltyr8@techcrunch.com,5970 Coleman Junction,Salvador,5
982,Agnes,Skinn,askinnr9@com.com,80 Bluestem Hill,Pan-an,
983,Geno,Paulucci,gpauluccira@yelp.com,0 Thackeray Parkway,Nelas,18
984,Rosaleen,Szimoni,rszimonirb@github.com,2910 Vera Pass,Cipolletti,
985,Dody,Akrigg,dakriggrc@csmonitor.com,2 Golf Course Court,Birni N Konni,
986,Amelita,Kinsett,akinsettrd@utexas.edu,912 Killdeer Circle,Anchau,
987,Kikelia,Koeppe,kkoeppere@sciencedirect.com,73658 Harbort Place,Kaca,
988,Max,Bocock,mbocockrf@census.gov,1 Petterle Street,Ban Mo,
989,Berni,Pedron,bpedronrg@elpais.com,56805 Oneill Crossing,Krasnyy Profintern,
990,Janetta,Plewright,jplewrightrh@google.cn,6436 Glendale Hill,Cheremshan,
991,Cosimo,Sturge,csturgeri@msu.edu,0 Kensington Parkway,Krasnokuts’k,
992,Noah,Sonnenschein,nsonnenscheinrj@barnesandnoble.com,69 Arizona Park,Mineralnye Vody,
993,Thaine,Rowlatt,trowlattrk@fda.gov,2 Schmedeman Road,Diawara,
994,Jon,Arbuckel,jarbuckelrl@businesswire.com,446 Nevada Drive,Tawau,SBH
995,Hewitt,Hamshaw,hhamshawrm@reference.com,5 Onsgard Park,Ferrol,GA
996,Elene,Bontoft,ebontoftrn@buzzfeed.com,3 Scott Trail,Nakkila,
997,Gordy,Lehrmann,glehrmannro@nifty.com,15 Florence Place,Shkodër,
998,Fanya,Nisen,fnisenrp@1688.com,0981 Lotheville Alley,El Carril,
999,Korie,MacGray,kmacgrayrq@ebay.com,5 Corben Alley,Baluk,
1000,Nevin,Radden,nraddenrr@globo.com,0716 Birchwood Parkway,La Curva,